-- phpMyAdmin SQL Dump
-- version 5.2.1
-- https://www.phpmyadmin.net/
--
-- Host: 127.0.0.1
-- Generation Time: Dec 09, 2025 at 09:55 AM
-- Server version: 10.4.32-MariaDB
-- PHP Version: 8.2.12

SET SQL_MODE = "NO_AUTO_VALUE_ON_ZERO";
START TRANSACTION;
SET time_zone = "+00:00";


/*!40101 SET @OLD_CHARACTER_SET_CLIENT=@@CHARACTER_SET_CLIENT */;
/*!40101 SET @OLD_CHARACTER_SET_RESULTS=@@CHARACTER_SET_RESULTS */;
/*!40101 SET @OLD_COLLATION_CONNECTION=@@COLLATION_CONNECTION */;
/*!40101 SET NAMES utf8mb4 */;

--
-- Database: `omeka_db`
--

-- --------------------------------------------------------

--
-- Table structure for table `api_key`
--

CREATE TABLE `api_key` (
  `id` varchar(32) NOT NULL,
  `owner_id` int(11) NOT NULL,
  `label` varchar(255) NOT NULL,
  `credential_hash` varchar(60) NOT NULL,
  `last_ip` varbinary(16) DEFAULT NULL COMMENT '(DC2Type:ip_address)',
  `last_accessed` datetime DEFAULT NULL,
  `created` datetime NOT NULL
) ENGINE=InnoDB DEFAULT CHARSET=utf8mb4 COLLATE=utf8mb4_unicode_ci;

--
-- Dumping data for table `api_key`
--

INSERT INTO `api_key` (`id`, `owner_id`, `label`, `credential_hash`, `last_ip`, `last_accessed`, `created`) VALUES
('f0ZFyyK7WhqDr4gZKoMbFiu6IS35lQtj', 1, 'api_key', '$2y$10$bbxzhD.cBvBaEHYjJvwUBu1EEg.deX1qZRGqUOTFvwsNq/gopfjbq', 0x00000000000000000000000000000001, '2025-11-16 13:24:41', '2025-11-16 12:28:40'),
('Gc6bWQ7GoHSJXMItGy7sEYznwAaAK7ju', 1, 'api_key_exam', '$2y$10$3/IYq3o3qT5bqx4whLwV2OjM8qjZzSirFUjiPtHxOw8XIv.8ZT7sO', NULL, NULL, '2025-12-09 08:53:33'),
('xDwwC4Yylnew2lGZCb1Rwii9sVOUT8P1', 2, 'api_key_samuel', '$2y$10$xql08Q5Bkk.SVXthnIbSaedmIDCQl9ToXJPRptxG4in4f6FEEDnqC', NULL, NULL, '2025-11-16 13:27:31');

-- --------------------------------------------------------

--
-- Table structure for table `asset`
--

CREATE TABLE `asset` (
  `id` int(11) NOT NULL,
  `owner_id` int(11) DEFAULT NULL,
  `name` varchar(255) NOT NULL,
  `media_type` varchar(255) NOT NULL,
  `storage_id` varchar(190) NOT NULL,
  `extension` varchar(255) DEFAULT NULL,
  `alt_text` longtext DEFAULT NULL
) ENGINE=InnoDB DEFAULT CHARSET=utf8mb4 COLLATE=utf8mb4_unicode_ci;

-- --------------------------------------------------------

--
-- Table structure for table `fulltext_search`
--

CREATE TABLE `fulltext_search` (
  `id` int(11) NOT NULL,
  `resource` varchar(190) NOT NULL,
  `owner_id` int(11) DEFAULT NULL,
  `is_public` tinyint(1) NOT NULL,
  `title` longtext DEFAULT NULL,
  `text` longtext DEFAULT NULL
) ENGINE=InnoDB DEFAULT CHARSET=utf8mb4 COLLATE=utf8mb4_unicode_ci;

--
-- Dumping data for table `fulltext_search`
--

INSERT INTO `fulltext_search` (`id`, `resource`, `owner_id`, `is_public`, `title`, `text`) VALUES
(6, 'items', 1, 1, 'Exposition Universelle de 1889', 'Exposition Universelle de 1889\nL\'Exposition Universelle de 1889 s\'est tenue à Paris du 6 mai au 31 octobre 1889. \n  Elle célébrait le centenaire de la Révolution française. C\'est lors de cette \n  exposition que la Tour Eiffel a été construite comme entrée monumentale.\n1889-05-06\nParis'),
(7, 'items', 1, 1, 'La Prise de la Bastille', 'La Prise de la Bastille\n Le 14 juillet 1789, les Parisiens prennent d\'assaut la forteresse de la Bastille, symbole de l\'absolutisme royal. Cet événement marque le début de la Révolution française et devient par la suite la fête nationale française.\n1789-07-14\nParis, France\nBernard-René de Launay (gouverneur de la Bastille), Camille Desmoulins\nArchives de la Révolution française\nRévolution française, Histoire de France, Droits de l\'homme'),
(8, 'items', 1, 1, 'Premier pas sur la Lune', 'Premier pas sur la Lune\nNeil Armstrong devient le premier homme à marcher sur la Lune lors de la mission Apollo 11. Il prononce sa célèbre phrase : \"C\'est un petit pas pour l\'homme, un bond de géant pour l\'humanité.\"\n1969-07-20\nMer de la Tranquillité, Lune\nNeil Armstrong, Buzz Aldrin, Michael Collins\nMission Apollo 11 - NASA\nConquête spatiale, Exploration lunaire, Guerre froide spatiale'),
(9, 'items', 1, 1, 'Bataille de Waterloo', 'Bataille de Waterloo\nDéfaite finale de Napoléon Bonaparte face aux armées coalisées britanniques, prussiennes et hollandaises. Cette bataille met fin à l\'Empire napoléonien et aux Cent-Jours.\n1815-06-18\nWaterloo, Belgique\nNapoléon Bonaparte, Duc de Wellington, Gebhard Leberecht von Blücher\nRapports militaires de la bataille\nGuerres napoléoniennes, Histoire militaire, XIXe siècle'),
(10, 'items', 1, 1, 'Début de la Première Guerre mondiale', 'Début de la Première Guerre mondiale\nSuite à l\'assassinat de l\'archiduc François-Ferdinand d\'Autriche à Sarajevo, l\'Europe plonge dans un conflit majeur qui durera quatre ans et fera des millions de victimes.\n1914-07-28\nEurope\nFrançois-Ferdinand d\'Autriche, Gavrilo Princip, Guillaume II\nDéclarations de guerre, Archives militaires\nGrande Guerre, Conflit mondial, Histoire du XXe siècle'),
(11, 'items', 1, 1, 'Chute du mur de Berlin', 'Chute du mur de Berlin\nLe 9 novembre 1989, le mur qui divisait Berlin depuis 28 ans tombe, marquant la fin de la Guerre froide et la réunification de l\'Allemagne. Des milliers de Berlinois franchissent la frontière dans une liesse générale.\n1989-11-09\nBerlin, Allemagne\nHelmut Kohl, Mikhaïl Gorbatchev, Ronald Reagan\nDiscours historiques, Archives audiovisuelles\nGuerre froide, Réunification allemande, Histoire contemporaine');

-- --------------------------------------------------------

--
-- Table structure for table `item`
--

CREATE TABLE `item` (
  `id` int(11) NOT NULL,
  `primary_media_id` int(11) DEFAULT NULL
) ENGINE=InnoDB DEFAULT CHARSET=utf8mb4 COLLATE=utf8mb4_unicode_ci;

--
-- Dumping data for table `item`
--

INSERT INTO `item` (`id`, `primary_media_id`) VALUES
(6, NULL),
(7, NULL),
(8, NULL),
(9, NULL),
(10, NULL),
(11, NULL);

-- --------------------------------------------------------

--
-- Table structure for table `item_item_set`
--

CREATE TABLE `item_item_set` (
  `item_id` int(11) NOT NULL,
  `item_set_id` int(11) NOT NULL
) ENGINE=InnoDB DEFAULT CHARSET=utf8mb4 COLLATE=utf8mb4_unicode_ci;

-- --------------------------------------------------------

--
-- Table structure for table `item_set`
--

CREATE TABLE `item_set` (
  `id` int(11) NOT NULL,
  `is_open` tinyint(1) NOT NULL
) ENGINE=InnoDB DEFAULT CHARSET=utf8mb4 COLLATE=utf8mb4_unicode_ci;

-- --------------------------------------------------------

--
-- Table structure for table `item_site`
--

CREATE TABLE `item_site` (
  `item_id` int(11) NOT NULL,
  `site_id` int(11) NOT NULL
) ENGINE=InnoDB DEFAULT CHARSET=utf8mb4 COLLATE=utf8mb4_unicode_ci;

-- --------------------------------------------------------

--
-- Table structure for table `job`
--

CREATE TABLE `job` (
  `id` int(11) NOT NULL,
  `owner_id` int(11) DEFAULT NULL,
  `pid` varchar(255) DEFAULT NULL,
  `status` varchar(255) DEFAULT NULL,
  `class` varchar(255) NOT NULL,
  `args` longtext DEFAULT NULL COMMENT '(DC2Type:json_array)',
  `log` longtext DEFAULT NULL,
  `started` datetime NOT NULL,
  `ended` datetime DEFAULT NULL
) ENGINE=InnoDB DEFAULT CHARSET=utf8mb4 COLLATE=utf8mb4_unicode_ci;

-- --------------------------------------------------------

--
-- Table structure for table `media`
--

CREATE TABLE `media` (
  `id` int(11) NOT NULL,
  `item_id` int(11) NOT NULL,
  `ingester` varchar(255) NOT NULL,
  `renderer` varchar(255) NOT NULL,
  `data` longtext DEFAULT NULL COMMENT '(DC2Type:json_array)',
  `source` longtext DEFAULT NULL,
  `media_type` varchar(255) DEFAULT NULL,
  `storage_id` varchar(190) DEFAULT NULL,
  `extension` varchar(255) DEFAULT NULL,
  `sha256` char(64) DEFAULT NULL,
  `size` bigint(20) DEFAULT NULL,
  `has_original` tinyint(1) NOT NULL,
  `has_thumbnails` tinyint(1) NOT NULL,
  `position` int(11) DEFAULT NULL,
  `lang` varchar(190) DEFAULT NULL,
  `alt_text` longtext DEFAULT NULL
) ENGINE=InnoDB DEFAULT CHARSET=utf8mb4 COLLATE=utf8mb4_unicode_ci;

-- --------------------------------------------------------

--
-- Table structure for table `migration`
--

CREATE TABLE `migration` (
  `version` varchar(16) NOT NULL
) ENGINE=InnoDB DEFAULT CHARSET=utf8mb4 COLLATE=utf8mb4_unicode_ci;

--
-- Dumping data for table `migration`
--

INSERT INTO `migration` (`version`) VALUES
('20171128053327'),
('20180412035023'),
('20180919072656'),
('20180924033501'),
('20181002015551'),
('20181004043735'),
('20181106060421'),
('20190307043537'),
('20190319020708'),
('20190412090532'),
('20190423040354'),
('20190423071228'),
('20190514061351'),
('20190515055359'),
('20190729023728'),
('20190809092609'),
('20190815062003'),
('20200224022356'),
('20200226064602'),
('20200325091157'),
('20200326091310'),
('20200803000000'),
('20200831000000'),
('20210205101827'),
('20210225095734'),
('20210810083804'),
('20220718090449'),
('20220824103916'),
('20230124033031'),
('20230410074846'),
('20230523085358'),
('20230601060113'),
('20230713101012'),
('20231016000000'),
('20240103030617');

-- --------------------------------------------------------

--
-- Table structure for table `module`
--

CREATE TABLE `module` (
  `id` varchar(190) NOT NULL,
  `is_active` tinyint(1) NOT NULL,
  `version` varchar(255) NOT NULL
) ENGINE=InnoDB DEFAULT CHARSET=utf8mb4 COLLATE=utf8mb4_unicode_ci;

--
-- Dumping data for table `module`
--

INSERT INTO `module` (`id`, `is_active`, `version`) VALUES
('TimeWhisper', 1, '0.1.0');

-- --------------------------------------------------------

--
-- Table structure for table `password_creation`
--

CREATE TABLE `password_creation` (
  `id` varchar(32) CHARACTER SET utf8mb4 COLLATE utf8mb4_bin NOT NULL,
  `user_id` int(11) NOT NULL,
  `created` datetime NOT NULL,
  `activate` tinyint(1) NOT NULL
) ENGINE=InnoDB DEFAULT CHARSET=utf8mb4 COLLATE=utf8mb4_unicode_ci;

--
-- Dumping data for table `password_creation`
--

INSERT INTO `password_creation` (`id`, `user_id`, `created`, `activate`) VALUES
('Vp0b8yIciS1ZP3ip8Xv4DF23ijiCnfkY', 2, '2025-10-21 08:05:40', 1),
('tZcnTBUOVjMwpMKKC4fjTlBG29twhF6X', 1, '2025-11-16 11:27:07', 0);

-- --------------------------------------------------------

--
-- Table structure for table `property`
--

CREATE TABLE `property` (
  `id` int(11) NOT NULL,
  `owner_id` int(11) DEFAULT NULL,
  `vocabulary_id` int(11) NOT NULL,
  `local_name` varchar(190) CHARACTER SET utf8mb4 COLLATE utf8mb4_bin NOT NULL,
  `label` varchar(255) NOT NULL,
  `comment` longtext DEFAULT NULL
) ENGINE=InnoDB DEFAULT CHARSET=utf8mb4 COLLATE=utf8mb4_unicode_ci;

--
-- Dumping data for table `property`
--

INSERT INTO `property` (`id`, `owner_id`, `vocabulary_id`, `local_name`, `label`, `comment`) VALUES
(1, NULL, 1, 'title', 'Title', 'A name given to the resource.'),
(2, NULL, 1, 'creator', 'Creator', 'An entity primarily responsible for making the resource.'),
(3, NULL, 1, 'subject', 'Subject', 'The topic of the resource.'),
(4, NULL, 1, 'description', 'Description', 'An account of the resource.'),
(5, NULL, 1, 'publisher', 'Publisher', 'An entity responsible for making the resource available.'),
(6, NULL, 1, 'contributor', 'Contributor', 'An entity responsible for making contributions to the resource.'),
(7, NULL, 1, 'date', 'Date', 'A point or period of time associated with an event in the lifecycle of the resource.'),
(8, NULL, 1, 'type', 'Type', 'The nature or genre of the resource.'),
(9, NULL, 1, 'format', 'Format', 'The file format, physical medium, or dimensions of the resource.'),
(10, NULL, 1, 'identifier', 'Identifier', 'An unambiguous reference to the resource within a given context.'),
(11, NULL, 1, 'source', 'Source', 'A related resource from which the described resource is derived.'),
(12, NULL, 1, 'language', 'Language', 'A language of the resource.'),
(13, NULL, 1, 'relation', 'Relation', 'A related resource.'),
(14, NULL, 1, 'coverage', 'Coverage', 'The spatial or temporal topic of the resource, the spatial applicability of the resource, or the jurisdiction under which the resource is relevant.'),
(15, NULL, 1, 'rights', 'Rights', 'Information about rights held in and over the resource.'),
(16, NULL, 1, 'audience', 'Audience', 'A class of entity for whom the resource is intended or useful.'),
(17, NULL, 1, 'alternative', 'Alternative Title', 'An alternative name for the resource.'),
(18, NULL, 1, 'tableOfContents', 'Table Of Contents', 'A list of subunits of the resource.'),
(19, NULL, 1, 'abstract', 'Abstract', 'A summary of the resource.'),
(20, NULL, 1, 'created', 'Date Created', 'Date of creation of the resource.'),
(21, NULL, 1, 'valid', 'Date Valid', 'Date (often a range) of validity of a resource.'),
(22, NULL, 1, 'available', 'Date Available', 'Date (often a range) that the resource became or will become available.'),
(23, NULL, 1, 'issued', 'Date Issued', 'Date of formal issuance (e.g., publication) of the resource.'),
(24, NULL, 1, 'modified', 'Date Modified', 'Date on which the resource was changed.'),
(25, NULL, 1, 'extent', 'Extent', 'The size or duration of the resource.'),
(26, NULL, 1, 'medium', 'Medium', 'The material or physical carrier of the resource.'),
(27, NULL, 1, 'isVersionOf', 'Is Version Of', 'A related resource of which the described resource is a version, edition, or adaptation.'),
(28, NULL, 1, 'hasVersion', 'Has Version', 'A related resource that is a version, edition, or adaptation of the described resource.'),
(29, NULL, 1, 'isReplacedBy', 'Is Replaced By', 'A related resource that supplants, displaces, or supersedes the described resource.'),
(30, NULL, 1, 'replaces', 'Replaces', 'A related resource that is supplanted, displaced, or superseded by the described resource.'),
(31, NULL, 1, 'isRequiredBy', 'Is Required By', 'A related resource that requires the described resource to support its function, delivery, or coherence.'),
(32, NULL, 1, 'requires', 'Requires', 'A related resource that is required by the described resource to support its function, delivery, or coherence.'),
(33, NULL, 1, 'isPartOf', 'Is Part Of', 'A related resource in which the described resource is physically or logically included.'),
(34, NULL, 1, 'hasPart', 'Has Part', 'A related resource that is included either physically or logically in the described resource.'),
(35, NULL, 1, 'isReferencedBy', 'Is Referenced By', 'A related resource that references, cites, or otherwise points to the described resource.'),
(36, NULL, 1, 'references', 'References', 'A related resource that is referenced, cited, or otherwise pointed to by the described resource.'),
(37, NULL, 1, 'isFormatOf', 'Is Format Of', 'A related resource that is substantially the same as the described resource, but in another format.'),
(38, NULL, 1, 'hasFormat', 'Has Format', 'A related resource that is substantially the same as the pre-existing described resource, but in another format.'),
(39, NULL, 1, 'conformsTo', 'Conforms To', 'An established standard to which the described resource conforms.'),
(40, NULL, 1, 'spatial', 'Spatial Coverage', 'Spatial characteristics of the resource.'),
(41, NULL, 1, 'temporal', 'Temporal Coverage', 'Temporal characteristics of the resource.'),
(42, NULL, 1, 'mediator', 'Mediator', 'An entity that mediates access to the resource and for whom the resource is intended or useful.'),
(43, NULL, 1, 'dateAccepted', 'Date Accepted', 'Date of acceptance of the resource.'),
(44, NULL, 1, 'dateCopyrighted', 'Date Copyrighted', 'Date of copyright.'),
(45, NULL, 1, 'dateSubmitted', 'Date Submitted', 'Date of submission of the resource.'),
(46, NULL, 1, 'educationLevel', 'Audience Education Level', 'A class of entity, defined in terms of progression through an educational or training context, for which the described resource is intended.'),
(47, NULL, 1, 'accessRights', 'Access Rights', 'Information about who can access the resource or an indication of its security status.'),
(48, NULL, 1, 'bibliographicCitation', 'Bibliographic Citation', 'A bibliographic reference for the resource.'),
(49, NULL, 1, 'license', 'License', 'A legal document giving official permission to do something with the resource.'),
(50, NULL, 1, 'rightsHolder', 'Rights Holder', 'A person or organization owning or managing rights over the resource.'),
(51, NULL, 1, 'provenance', 'Provenance', 'A statement of any changes in ownership and custody of the resource since its creation that are significant for its authenticity, integrity, and interpretation.'),
(52, NULL, 1, 'instructionalMethod', 'Instructional Method', 'A process, used to engender knowledge, attitudes and skills, that the described resource is designed to support.'),
(53, NULL, 1, 'accrualMethod', 'Accrual Method', 'The method by which items are added to a collection.'),
(54, NULL, 1, 'accrualPeriodicity', 'Accrual Periodicity', 'The frequency with which items are added to a collection.'),
(55, NULL, 1, 'accrualPolicy', 'Accrual Policy', 'The policy governing the addition of items to a collection.'),
(56, NULL, 3, 'affirmedBy', 'affirmedBy', 'A legal decision that affirms a ruling.'),
(57, NULL, 3, 'annotates', 'annotates', 'Critical or explanatory note for a Document.'),
(58, NULL, 3, 'authorList', 'list of authors', 'An ordered list of authors. Normally, this list is seen as a priority list that order authors by importance.'),
(59, NULL, 3, 'citedBy', 'cited by', 'Relates a document to another document that cites the\nfirst document.'),
(60, NULL, 3, 'cites', 'cites', 'Relates a document to another document that is cited\nby the first document as reference, comment, review, quotation or for\nanother purpose.'),
(61, NULL, 3, 'contributorList', 'list of contributors', 'An ordered list of contributors. Normally, this list is seen as a priority list that order contributors by importance.'),
(62, NULL, 3, 'court', 'court', 'A court associated with a legal document; for example, that which issues a decision.'),
(63, NULL, 3, 'degree', 'degree', 'The thesis degree.'),
(64, NULL, 3, 'director', 'director', 'A Film director.'),
(65, NULL, 3, 'distributor', 'distributor', 'Distributor of a document or a collection of documents.'),
(66, NULL, 3, 'editor', 'editor', 'A person having managerial and sometimes policy-making responsibility for the editorial part of a publishing firm or of a newspaper, magazine, or other publication.'),
(67, NULL, 3, 'editorList', 'list of editors', 'An ordered list of editors. Normally, this list is seen as a priority list that order editors by importance.'),
(68, NULL, 3, 'interviewee', 'interviewee', 'An agent that is interviewed by another agent.'),
(69, NULL, 3, 'interviewer', 'interviewer', 'An agent that interview another agent.'),
(70, NULL, 3, 'issuer', 'issuer', 'An entity responsible for issuing often informally published documents such as press releases, reports, etc.'),
(71, NULL, 3, 'organizer', 'organizer', 'The organizer of an event; includes conference organizers, but also government agencies or other bodies that are responsible for conducting hearings.'),
(72, NULL, 3, 'owner', 'owner', 'Owner of a document or a collection of documents.'),
(73, NULL, 3, 'performer', 'performer', NULL),
(74, NULL, 3, 'presentedAt', 'presented at', 'Relates a document to an event; for example, a paper to a conference.'),
(75, NULL, 3, 'presents', 'presents', 'Relates an event to associated documents; for example, conference to a paper.'),
(76, NULL, 3, 'producer', 'producer', 'Producer of a document or a collection of documents.'),
(77, NULL, 3, 'recipient', 'recipient', 'An agent that receives a communication document.'),
(78, NULL, 3, 'reproducedIn', 'reproducedIn', 'The resource in which another resource is reproduced.'),
(79, NULL, 3, 'reversedBy', 'reversedBy', 'A legal decision that reverses a ruling.'),
(80, NULL, 3, 'reviewOf', 'review of', 'Relates a review document to a reviewed thing (resource, item, etc.).'),
(81, NULL, 3, 'status', 'status', 'The publication status of (typically academic) content.'),
(82, NULL, 3, 'subsequentLegalDecision', 'subsequentLegalDecision', 'A legal decision on appeal that takes action on a case (affirming it, reversing it, etc.).'),
(83, NULL, 3, 'transcriptOf', 'transcript of', 'Relates a document to some transcribed original.'),
(84, NULL, 3, 'translationOf', 'translation of', 'Relates a translated document to the original document.'),
(85, NULL, 3, 'translator', 'translator', 'A person who translates written document from one language to another.'),
(86, NULL, 3, 'abstract', 'abstract', 'A summary of the resource.'),
(87, NULL, 3, 'argued', 'date argued', 'The date on which a legal case is argued before a court. Date is of format xsd:date'),
(88, NULL, 3, 'asin', 'asin', NULL),
(89, NULL, 3, 'chapter', 'chapter', 'An chapter number'),
(90, NULL, 3, 'coden', 'coden', NULL),
(91, NULL, 3, 'content', 'content', 'This property is for a plain-text rendering of the content of a Document. While the plain-text content of an entire document could be described by this property.'),
(92, NULL, 3, 'doi', 'doi', NULL),
(93, NULL, 3, 'eanucc13', 'eanucc13', NULL),
(94, NULL, 3, 'edition', 'edition', 'The name defining a special edition of a document. Normally its a literal value composed of a version number and words.'),
(95, NULL, 3, 'eissn', 'eissn', NULL),
(96, NULL, 3, 'gtin14', 'gtin14', NULL),
(97, NULL, 3, 'handle', 'handle', NULL),
(98, NULL, 3, 'identifier', 'identifier', NULL),
(99, NULL, 3, 'isbn', 'isbn', NULL),
(100, NULL, 3, 'isbn10', 'isbn10', NULL),
(101, NULL, 3, 'isbn13', 'isbn13', NULL),
(102, NULL, 3, 'issn', 'issn', NULL),
(103, NULL, 3, 'issue', 'issue', 'An issue number'),
(104, NULL, 3, 'lccn', 'lccn', NULL),
(105, NULL, 3, 'locator', 'locator', 'A description (often numeric) that locates an item within a containing document or collection.'),
(106, NULL, 3, 'numPages', 'number of pages', 'The number of pages contained in a document'),
(107, NULL, 3, 'numVolumes', 'number of volumes', 'The number of volumes contained in a collection of documents (usually a series, periodical, etc.).'),
(108, NULL, 3, 'number', 'number', 'A generic item or document number. Not to be confused with issue number.'),
(109, NULL, 3, 'oclcnum', 'oclcnum', NULL),
(110, NULL, 3, 'pageEnd', 'page end', 'Ending page number within a continuous page range.'),
(111, NULL, 3, 'pageStart', 'page start', 'Starting page number within a continuous page range.'),
(112, NULL, 3, 'pages', 'pages', 'A string of non-contiguous page spans that locate a Document within a Collection. Example: 23-25, 34, 54-56. For continuous page ranges, use the pageStart and pageEnd properties.'),
(113, NULL, 3, 'pmid', 'pmid', NULL),
(114, NULL, 3, 'prefixName', 'prefix name', 'The prefix of a name'),
(115, NULL, 3, 'section', 'section', 'A section number'),
(116, NULL, 3, 'shortDescription', 'shortDescription', NULL),
(117, NULL, 3, 'shortTitle', 'short title', 'The abbreviation of a title.'),
(118, NULL, 3, 'sici', 'sici', NULL),
(119, NULL, 3, 'suffixName', 'suffix name', 'The suffix of a name'),
(120, NULL, 3, 'upc', 'upc', NULL),
(121, NULL, 3, 'uri', 'uri', 'Universal Resource Identifier of a document'),
(122, NULL, 3, 'volume', 'volume', 'A volume number'),
(123, NULL, 4, 'mbox', 'personal mailbox', 'A  personal mailbox, ie. an Internet mailbox associated with exactly one owner, the first owner of this mailbox. This is a \'static inverse functional property\', in that  there is (across time and change) at most one individual that ever has any particular value for foaf:mbox.'),
(124, NULL, 4, 'mbox_sha1sum', 'sha1sum of a personal mailbox URI name', 'The sha1sum of the URI of an Internet mailbox associated with exactly one owner, the  first owner of the mailbox.'),
(125, NULL, 4, 'gender', 'gender', 'The gender of this Agent (typically but not necessarily \'male\' or \'female\').'),
(126, NULL, 4, 'geekcode', 'geekcode', 'A textual geekcode for this person, see http://www.geekcode.com/geek.html'),
(127, NULL, 4, 'dnaChecksum', 'DNA checksum', 'A checksum for the DNA of some thing. Joke.'),
(128, NULL, 4, 'sha1', 'sha1sum (hex)', 'A sha1sum hash, in hex.'),
(129, NULL, 4, 'based_near', 'based near', 'A location that something is based near, for some broadly human notion of near.'),
(130, NULL, 4, 'title', 'title', 'Title (Mr, Mrs, Ms, Dr. etc)'),
(131, NULL, 4, 'nick', 'nickname', 'A short informal nickname characterising an agent (includes login identifiers, IRC and other chat nicknames).'),
(132, NULL, 4, 'jabberID', 'jabber ID', 'A jabber ID for something.'),
(133, NULL, 4, 'aimChatID', 'AIM chat ID', 'An AIM chat ID'),
(134, NULL, 4, 'skypeID', 'Skype ID', 'A Skype ID'),
(135, NULL, 4, 'icqChatID', 'ICQ chat ID', 'An ICQ chat ID'),
(136, NULL, 4, 'yahooChatID', 'Yahoo chat ID', 'A Yahoo chat ID'),
(137, NULL, 4, 'msnChatID', 'MSN chat ID', 'An MSN chat ID'),
(138, NULL, 4, 'name', 'name', 'A name for some thing.'),
(139, NULL, 4, 'firstName', 'firstName', 'The first name of a person.'),
(140, NULL, 4, 'lastName', 'lastName', 'The last name of a person.'),
(141, NULL, 4, 'givenName', 'Given name', 'The given name of some person.'),
(142, NULL, 4, 'givenname', 'Given name', 'The given name of some person.'),
(143, NULL, 4, 'surname', 'Surname', 'The surname of some person.'),
(144, NULL, 4, 'family_name', 'family_name', 'The family name of some person.'),
(145, NULL, 4, 'familyName', 'familyName', 'The family name of some person.'),
(146, NULL, 4, 'phone', 'phone', 'A phone,  specified using fully qualified tel: URI scheme (refs: http://www.w3.org/Addressing/schemes.html#tel).'),
(147, NULL, 4, 'homepage', 'homepage', 'A homepage for some thing.'),
(148, NULL, 4, 'weblog', 'weblog', 'A weblog of some thing (whether person, group, company etc.).'),
(149, NULL, 4, 'openid', 'openid', 'An OpenID for an Agent.'),
(150, NULL, 4, 'tipjar', 'tipjar', 'A tipjar document for this agent, describing means for payment and reward.'),
(151, NULL, 4, 'plan', 'plan', 'A .plan comment, in the tradition of finger and \'.plan\' files.'),
(152, NULL, 4, 'made', 'made', 'Something that was made by this agent.'),
(153, NULL, 4, 'maker', 'maker', 'An agent that  made this thing.'),
(154, NULL, 4, 'img', 'image', 'An image that can be used to represent some thing (ie. those depictions which are particularly representative of something, eg. one\'s photo on a homepage).'),
(155, NULL, 4, 'depiction', 'depiction', 'A depiction of some thing.'),
(156, NULL, 4, 'depicts', 'depicts', 'A thing depicted in this representation.'),
(157, NULL, 4, 'thumbnail', 'thumbnail', 'A derived thumbnail image.'),
(158, NULL, 4, 'myersBriggs', 'myersBriggs', 'A Myers Briggs (MBTI) personality classification.'),
(159, NULL, 4, 'workplaceHomepage', 'workplace homepage', 'A workplace homepage of some person; the homepage of an organization they work for.'),
(160, NULL, 4, 'workInfoHomepage', 'work info homepage', 'A work info homepage of some person; a page about their work for some organization.'),
(161, NULL, 4, 'schoolHomepage', 'schoolHomepage', 'A homepage of a school attended by the person.'),
(162, NULL, 4, 'knows', 'knows', 'A person known by this person (indicating some level of reciprocated interaction between the parties).'),
(163, NULL, 4, 'interest', 'interest', 'A page about a topic of interest to this person.'),
(164, NULL, 4, 'topic_interest', 'topic_interest', 'A thing of interest to this person.'),
(165, NULL, 4, 'publications', 'publications', 'A link to the publications of this person.'),
(166, NULL, 4, 'currentProject', 'current project', 'A current project this person works on.'),
(167, NULL, 4, 'pastProject', 'past project', 'A project this person has previously worked on.'),
(168, NULL, 4, 'fundedBy', 'funded by', 'An organization funding a project or person.'),
(169, NULL, 4, 'logo', 'logo', 'A logo representing some thing.'),
(170, NULL, 4, 'topic', 'topic', 'A topic of some page or document.'),
(171, NULL, 4, 'primaryTopic', 'primary topic', 'The primary topic of some page or document.'),
(172, NULL, 4, 'focus', 'focus', 'The underlying or \'focal\' entity associated with some SKOS-described concept.'),
(173, NULL, 4, 'isPrimaryTopicOf', 'is primary topic of', 'A document that this thing is the primary topic of.'),
(174, NULL, 4, 'page', 'page', 'A page or document about this thing.'),
(175, NULL, 4, 'theme', 'theme', 'A theme.'),
(176, NULL, 4, 'account', 'account', 'Indicates an account held by this agent.'),
(177, NULL, 4, 'holdsAccount', 'account', 'Indicates an account held by this agent.'),
(178, NULL, 4, 'accountServiceHomepage', 'account service homepage', 'Indicates a homepage of the service provide for this online account.'),
(179, NULL, 4, 'accountName', 'account name', 'Indicates the name (identifier) associated with this online account.'),
(180, NULL, 4, 'member', 'member', 'Indicates a member of a Group'),
(181, NULL, 4, 'membershipClass', 'membershipClass', 'Indicates the class of individuals that are a member of a Group'),
(182, NULL, 4, 'birthday', 'birthday', 'The birthday of this Agent, represented in mm-dd string form, eg. \'12-31\'.'),
(183, NULL, 4, 'age', 'age', 'The age in years of some agent.'),
(184, NULL, 4, 'status', 'status', 'A string expressing what the user is happy for the general public (normally) to know about their current activity.'),
(200, 1, 6, 'hasDate', 'a pour date', NULL),
(201, 1, 6, 'hasLocation', 'a pour lieu', NULL),
(202, 1, 6, 'involvesPerson', 'implique la personne', NULL),
(203, 1, 6, 'relatedDocument', 'document lié', NULL),
(204, 1, 6, 'hasTranscript', 'a comme transcription', NULL),
(205, 1, 6, 'hasResponse', 'a comme réponse', NULL),
(206, 1, 6, 'hasAudioResponse', 'a comme réponse audio', NULL),
(207, 1, 6, 'displayOnTimeline', 'affiché sur la frise chronologique', NULL),
(208, 1, 6, 'generatedAt', 'généré à', NULL),
(209, 1, 6, 'confidenceScore', 'score de confiance', NULL),
(210, 1, 6, 'summaryText', 'texte du résumé', NULL),
(211, 1, 6, 'audioFile', 'fichier audio', NULL),
(212, 1, 6, 'imageURL', 'image illustrant l\'événement', NULL),
(213, 1, 6, 'geoCoordinates', 'coordonnées géographiques', NULL),
(214, 1, 6, 'placeName', 'nom du lieu', NULL),
(215, NULL, 6, 'userAudioFile', 'Fichier audio utilisateur', NULL),
(216, 1, 7, 'hasCode', 'Code du cours', NULL),
(217, 1, 7, 'hasEvaluation', 'Comprend l\'évaluation', NULL),
(218, 1, 7, 'weight', 'Coefficient', 'Le poids de l\'évaluation dans la moyenne (ex: 0.5).'),
(219, 1, 7, 'maxScore', 'Note maximale', 'Le barème (ex: noté sur 20).'),
(220, 1, 7, 'obtainedBy', 'Obtenue par', NULL),
(221, 1, 7, 'forEvaluation', 'Pour l\'évaluation', NULL),
(222, 1, 7, 'scoreValue', 'Valeur de la note', NULL),
(223, 1, 7, 'feedback', 'Appréciation', NULL),
(224, 1, 7, 'studentID', 'Numéro étudiant', NULL);

-- --------------------------------------------------------

--
-- Table structure for table `resource`
--

CREATE TABLE `resource` (
  `id` int(11) NOT NULL,
  `owner_id` int(11) DEFAULT NULL,
  `resource_class_id` int(11) DEFAULT NULL,
  `resource_template_id` int(11) DEFAULT NULL,
  `thumbnail_id` int(11) DEFAULT NULL,
  `title` longtext DEFAULT NULL,
  `is_public` tinyint(1) NOT NULL,
  `created` datetime NOT NULL,
  `modified` datetime DEFAULT NULL,
  `resource_type` varchar(255) NOT NULL
) ENGINE=InnoDB DEFAULT CHARSET=utf8mb4 COLLATE=utf8mb4_unicode_ci;

--
-- Dumping data for table `resource`
--

INSERT INTO `resource` (`id`, `owner_id`, `resource_class_id`, `resource_template_id`, `thumbnail_id`, `title`, `is_public`, `created`, `modified`, `resource_type`) VALUES
(6, 1, 115, 12, NULL, 'Exposition Universelle de 1889', 1, '2025-12-02 08:21:19', '2025-12-02 08:21:19', 'Omeka\\Entity\\Item'),
(7, 1, 115, 12, NULL, 'La Prise de la Bastille', 1, '2025-12-08 20:14:31', '2025-12-08 21:53:56', 'Omeka\\Entity\\Item'),
(8, 1, 115, 12, NULL, 'Premier pas sur la Lune', 1, '2025-12-08 20:20:08', '2025-12-08 21:50:31', 'Omeka\\Entity\\Item'),
(9, 1, 115, 12, NULL, 'Bataille de Waterloo', 1, '2025-12-08 21:55:15', '2025-12-08 21:55:15', 'Omeka\\Entity\\Item'),
(10, 1, 115, 12, NULL, 'Début de la Première Guerre mondiale', 1, '2025-12-08 21:56:45', '2025-12-08 21:56:45', 'Omeka\\Entity\\Item'),
(11, 1, 115, 12, NULL, 'Chute du mur de Berlin', 1, '2025-12-08 21:58:02', '2025-12-08 21:58:02', 'Omeka\\Entity\\Item');

-- --------------------------------------------------------

--
-- Table structure for table `resource_class`
--

CREATE TABLE `resource_class` (
  `id` int(11) NOT NULL,
  `owner_id` int(11) DEFAULT NULL,
  `vocabulary_id` int(11) NOT NULL,
  `local_name` varchar(190) CHARACTER SET utf8mb4 COLLATE utf8mb4_bin NOT NULL,
  `label` varchar(255) NOT NULL,
  `comment` longtext DEFAULT NULL
) ENGINE=InnoDB DEFAULT CHARSET=utf8mb4 COLLATE=utf8mb4_unicode_ci;

--
-- Dumping data for table `resource_class`
--

INSERT INTO `resource_class` (`id`, `owner_id`, `vocabulary_id`, `local_name`, `label`, `comment`) VALUES
(1, NULL, 1, 'Agent', 'Agent', 'A resource that acts or has the power to act.'),
(2, NULL, 1, 'AgentClass', 'Agent Class', 'A group of agents.'),
(3, NULL, 1, 'BibliographicResource', 'Bibliographic Resource', 'A book, article, or other documentary resource.'),
(4, NULL, 1, 'FileFormat', 'File Format', 'A digital resource format.'),
(5, NULL, 1, 'Frequency', 'Frequency', 'A rate at which something recurs.'),
(6, NULL, 1, 'Jurisdiction', 'Jurisdiction', 'The extent or range of judicial, law enforcement, or other authority.'),
(7, NULL, 1, 'LicenseDocument', 'License Document', 'A legal document giving official permission to do something with a Resource.'),
(8, NULL, 1, 'LinguisticSystem', 'Linguistic System', 'A system of signs, symbols, sounds, gestures, or rules used in communication.'),
(9, NULL, 1, 'Location', 'Location', 'A spatial region or named place.'),
(10, NULL, 1, 'LocationPeriodOrJurisdiction', 'Location, Period, or Jurisdiction', 'A location, period of time, or jurisdiction.'),
(11, NULL, 1, 'MediaType', 'Media Type', 'A file format or physical medium.'),
(12, NULL, 1, 'MediaTypeOrExtent', 'Media Type or Extent', 'A media type or extent.'),
(13, NULL, 1, 'MethodOfInstruction', 'Method of Instruction', 'A process that is used to engender knowledge, attitudes, and skills.'),
(14, NULL, 1, 'MethodOfAccrual', 'Method of Accrual', 'A method by which resources are added to a collection.'),
(15, NULL, 1, 'PeriodOfTime', 'Period of Time', 'An interval of time that is named or defined by its start and end dates.'),
(16, NULL, 1, 'PhysicalMedium', 'Physical Medium', 'A physical material or carrier.'),
(17, NULL, 1, 'PhysicalResource', 'Physical Resource', 'A material thing.'),
(18, NULL, 1, 'Policy', 'Policy', 'A plan or course of action by an authority, intended to influence and determine decisions, actions, and other matters.'),
(19, NULL, 1, 'ProvenanceStatement', 'Provenance Statement', 'A statement of any changes in ownership and custody of a resource since its creation that are significant for its authenticity, integrity, and interpretation.'),
(20, NULL, 1, 'RightsStatement', 'Rights Statement', 'A statement about the intellectual property rights (IPR) held in or over a Resource, a legal document giving official permission to do something with a resource, or a statement about access rights.'),
(21, NULL, 1, 'SizeOrDuration', 'Size or Duration', 'A dimension or extent, or a time taken to play or execute.'),
(22, NULL, 1, 'Standard', 'Standard', 'A basis for comparison; a reference point against which other things can be evaluated.'),
(23, NULL, 2, 'Collection', 'Collection', 'An aggregation of resources.'),
(24, NULL, 2, 'Dataset', 'Dataset', 'Data encoded in a defined structure.'),
(25, NULL, 2, 'Event', 'Event', 'A non-persistent, time-based occurrence.'),
(26, NULL, 2, 'Image', 'Image', 'A visual representation other than text.'),
(27, NULL, 2, 'InteractiveResource', 'Interactive Resource', 'A resource requiring interaction from the user to be understood, executed, or experienced.'),
(28, NULL, 2, 'Service', 'Service', 'A system that provides one or more functions.'),
(29, NULL, 2, 'Software', 'Software', 'A computer program in source or compiled form.'),
(30, NULL, 2, 'Sound', 'Sound', 'A resource primarily intended to be heard.'),
(31, NULL, 2, 'Text', 'Text', 'A resource consisting primarily of words for reading.'),
(32, NULL, 2, 'PhysicalObject', 'Physical Object', 'An inanimate, three-dimensional object or substance.'),
(33, NULL, 2, 'StillImage', 'Still Image', 'A static visual representation.'),
(34, NULL, 2, 'MovingImage', 'Moving Image', 'A series of visual representations imparting an impression of motion when shown in succession.'),
(35, NULL, 3, 'AcademicArticle', 'Academic Article', 'A scholarly academic article, typically published in a journal.'),
(36, NULL, 3, 'Article', 'Article', 'A written composition in prose, usually nonfiction, on a specific topic, forming an independent part of a book or other publication, as a newspaper or magazine.'),
(37, NULL, 3, 'AudioDocument', 'audio document', 'An audio document; aka record.'),
(38, NULL, 3, 'AudioVisualDocument', 'audio-visual document', 'An audio-visual document; film, video, and so forth.'),
(39, NULL, 3, 'Bill', 'Bill', 'Draft legislation presented for discussion to a legal body.'),
(40, NULL, 3, 'Book', 'Book', 'A written or printed work of fiction or nonfiction, usually on sheets of paper fastened or bound together within covers.'),
(41, NULL, 3, 'BookSection', 'Book Section', 'A section of a book.'),
(42, NULL, 3, 'Brief', 'Brief', 'A written argument submitted to a court.'),
(43, NULL, 3, 'Chapter', 'Chapter', 'A chapter of a book.'),
(44, NULL, 3, 'Code', 'Code', 'A collection of statutes.'),
(45, NULL, 3, 'CollectedDocument', 'Collected Document', 'A document that simultaneously contains other documents.'),
(46, NULL, 3, 'Collection', 'Collection', 'A collection of Documents or Collections'),
(47, NULL, 3, 'Conference', 'Conference', 'A meeting for consultation or discussion.'),
(48, NULL, 3, 'CourtReporter', 'Court Reporter', 'A collection of legal cases.'),
(49, NULL, 3, 'Document', 'Document', 'A document (noun) is a bounded physical representation of body of information designed with the capacity (and usually intent) to communicate. A document may manifest symbolic, diagrammatic or sensory-representational information.'),
(50, NULL, 3, 'DocumentPart', 'document part', 'a distinct part of a larger document or collected document.'),
(51, NULL, 3, 'DocumentStatus', 'Document Status', 'The status of the publication of a document.'),
(52, NULL, 3, 'EditedBook', 'Edited Book', 'An edited book.'),
(53, NULL, 3, 'Email', 'EMail', 'A written communication addressed to a person or organization and transmitted electronically.'),
(54, NULL, 3, 'Event', 'Event', NULL),
(55, NULL, 3, 'Excerpt', 'Excerpt', 'A passage selected from a larger work.'),
(56, NULL, 3, 'Film', 'Film', 'aka movie.'),
(57, NULL, 3, 'Hearing', 'Hearing', 'An instance or a session in which testimony and arguments are presented, esp. before an official, as a judge in a lawsuit.'),
(58, NULL, 3, 'Image', 'Image', 'A document that presents visual or diagrammatic information.'),
(59, NULL, 3, 'Interview', 'Interview', 'A formalized discussion between two or more people.'),
(60, NULL, 3, 'Issue', 'Issue', 'something that is printed or published and distributed, esp. a given number of a periodical'),
(61, NULL, 3, 'Journal', 'Journal', 'A periodical of scholarly journal Articles.'),
(62, NULL, 3, 'LegalCaseDocument', 'Legal Case Document', 'A document accompanying a legal case.'),
(63, NULL, 3, 'LegalDecision', 'Decision', 'A document containing an authoritative determination (as a decree or judgment) made after consideration of facts or law.'),
(64, NULL, 3, 'LegalDocument', 'Legal Document', 'A legal document; for example, a court decision, a brief, and so forth.'),
(65, NULL, 3, 'Legislation', 'Legislation', 'A legal document proposing or enacting a law or a group of laws.'),
(66, NULL, 3, 'Letter', 'Letter', 'A written or printed communication addressed to a person or organization and usually transmitted by mail.'),
(67, NULL, 3, 'Magazine', 'Magazine', 'A periodical of magazine Articles. A magazine is a publication that is issued periodically, usually bound in a paper cover, and typically contains essays, stories, poems, etc., by many writers, and often photographs and drawings, frequently specializing in a particular subject or area, as hobbies, news, or sports.'),
(68, NULL, 3, 'Manual', 'Manual', 'A small reference book, especially one giving instructions.'),
(69, NULL, 3, 'Manuscript', 'Manuscript', 'An unpublished Document, which may also be submitted to a publisher for publication.'),
(70, NULL, 3, 'Map', 'Map', 'A graphical depiction of geographic features.'),
(71, NULL, 3, 'MultiVolumeBook', 'Multivolume Book', 'A loose, thematic, collection of Documents, often Books.'),
(72, NULL, 3, 'Newspaper', 'Newspaper', 'A periodical of documents, usually issued daily or weekly, containing current news, editorials, feature articles, and usually advertising.'),
(73, NULL, 3, 'Note', 'Note', 'Notes or annotations about a resource.'),
(74, NULL, 3, 'Patent', 'Patent', 'A document describing the exclusive right granted by a government to an inventor to manufacture, use, or sell an invention for a certain number of years.'),
(75, NULL, 3, 'Performance', 'Performance', 'A public performance.'),
(76, NULL, 3, 'Periodical', 'Periodical', 'A group of related documents issued at regular intervals.'),
(77, NULL, 3, 'PersonalCommunication', 'Personal Communication', 'A communication between an agent and one or more specific recipients.'),
(78, NULL, 3, 'PersonalCommunicationDocument', 'Personal Communication Document', 'A personal communication manifested in some document.'),
(79, NULL, 3, 'Proceedings', 'Proceedings', 'A compilation of documents published from an event, such as a conference.'),
(80, NULL, 3, 'Quote', 'Quote', 'An excerpted collection of words.'),
(81, NULL, 3, 'ReferenceSource', 'Reference Source', 'A document that presents authoritative reference information, such as a dictionary or encylopedia .'),
(82, NULL, 3, 'Report', 'Report', 'A document describing an account or statement describing in detail an event, situation, or the like, usually as the result of observation, inquiry, etc..'),
(83, NULL, 3, 'Series', 'Series', 'A loose, thematic, collection of Documents, often Books.'),
(84, NULL, 3, 'Slide', 'Slide', 'A slide in a slideshow'),
(85, NULL, 3, 'Slideshow', 'Slideshow', 'A presentation of a series of slides, usually presented in front of an audience with written text and images.'),
(86, NULL, 3, 'Standard', 'Standard', 'A document describing a standard'),
(87, NULL, 3, 'Statute', 'Statute', 'A bill enacted into law.'),
(88, NULL, 3, 'Thesis', 'Thesis', 'A document created to summarize research findings associated with the completion of an academic degree.'),
(89, NULL, 3, 'ThesisDegree', 'Thesis degree', 'The academic degree of a Thesis'),
(90, NULL, 3, 'Webpage', 'Webpage', 'A web page is an online document available (at least initially) on the world wide web. A web page is written first and foremost to appear on the web, as distinct from other online resources such as books, manuscripts or audio documents which use the web primarily as a distribution mechanism alongside other more traditional methods such as print.'),
(91, NULL, 3, 'Website', 'Website', 'A group of Webpages accessible on the Web.'),
(92, NULL, 3, 'Workshop', 'Workshop', 'A seminar, discussion group, or the like, that emphasizes zxchange of ideas and the demonstration and application of techniques, skills, etc.'),
(93, NULL, 4, 'LabelProperty', 'Label Property', 'A foaf:LabelProperty is any RDF property with texual values that serve as labels.'),
(94, NULL, 4, 'Person', 'Person', 'A person.'),
(95, NULL, 4, 'Document', 'Document', 'A document.'),
(96, NULL, 4, 'Organization', 'Organization', 'An organization.'),
(97, NULL, 4, 'Group', 'Group', 'A class of Agents.'),
(98, NULL, 4, 'Agent', 'Agent', 'An agent (eg. person, group, software or physical artifact).'),
(99, NULL, 4, 'Project', 'Project', 'A project (a collective endeavour of some kind).'),
(100, NULL, 4, 'Image', 'Image', 'An image.'),
(101, NULL, 4, 'PersonalProfileDocument', 'PersonalProfileDocument', 'A personal profile RDF document.'),
(102, NULL, 4, 'OnlineAccount', 'Online Account', 'An online account.'),
(103, NULL, 4, 'OnlineGamingAccount', 'Online Gaming Account', 'An online gaming account.'),
(104, NULL, 4, 'OnlineEcommerceAccount', 'Online E-commerce Account', 'An online e-commerce account.'),
(105, NULL, 4, 'OnlineChatAccount', 'Online Chat Account', 'An online chat account.'),
(115, 1, 6, 'HistoricalEvent', 'Événement historique', 'Un événement historique survenu à un lieu et une date donnée.'),
(116, 1, 6, 'Location', 'Lieu', 'Un lieu géographique associé à un événement historique.'),
(117, 1, 6, 'Person', 'Personne historique', 'Individu impliqué dans un événement historique.'),
(118, 1, 6, 'Document', 'Document d’archive', 'Une source primaire ou secondaire (texte, image, son, vidéo) liée à un événement.'),
(119, 1, 6, 'UserQuery', 'Question utilisateur', 'Une requête orale ou textuelle posée par l’utilisateur à TimeWhisper.'),
(120, 1, 6, 'Response', 'Réponse générée', 'Réponse contextuelle (texte, audio, visuel) produite par TimeWhisper.'),
(121, 1, 6, 'Timeline', 'Frise chronologique', 'Représentation interactive des événements historiques liés à une requête.'),
(122, 1, 6, 'Transcript', 'Transcription vocale', 'Texte transcrit à partir d’une requête vocale de l’utilisateur.'),
(123, 1, 6, 'AudioResponse', 'Réponse audio', 'Version audio de la réponse générée.'),
(124, 1, 7, 'Student', 'Étudiant', 'Une personne inscrite dans le programme de Master.'),
(125, 1, 7, 'Course', 'Cours', 'Une unité d\'enseignement du Master (ex: Web Sémantique).'),
(126, 1, 7, 'Evaluation', 'Évaluation', 'Une épreuve spécifique liée à un cours (Ex: Partiel, Projet Final).'),
(127, 1, 7, 'Grade', 'Note', 'Le résultat obtenu par un étudiant à une évaluation spécifique.');

-- --------------------------------------------------------

--
-- Table structure for table `resource_template`
--

CREATE TABLE `resource_template` (
  `id` int(11) NOT NULL,
  `owner_id` int(11) DEFAULT NULL,
  `resource_class_id` int(11) DEFAULT NULL,
  `title_property_id` int(11) DEFAULT NULL,
  `description_property_id` int(11) DEFAULT NULL,
  `label` varchar(190) NOT NULL
) ENGINE=InnoDB DEFAULT CHARSET=utf8mb4 COLLATE=utf8mb4_unicode_ci;

--
-- Dumping data for table `resource_template`
--

INSERT INTO `resource_template` (`id`, `owner_id`, `resource_class_id`, `title_property_id`, `description_property_id`, `label`) VALUES
(12, 1, 115, NULL, NULL, 'Événement historique'),
(13, 1, 118, NULL, NULL, 'Document d’archive'),
(14, 1, 116, NULL, NULL, 'Lieu'),
(15, 1, 117, NULL, NULL, 'Personne historique'),
(16, 1, 119, NULL, NULL, 'Question utilisateur'),
(17, 1, 125, NULL, NULL, 'Master Course'),
(18, 1, 124, NULL, NULL, 'Étudiant'),
(19, 1, 127, NULL, NULL, 'Note');

-- --------------------------------------------------------

--
-- Table structure for table `resource_template_property`
--

CREATE TABLE `resource_template_property` (
  `id` int(11) NOT NULL,
  `resource_template_id` int(11) NOT NULL,
  `property_id` int(11) NOT NULL,
  `alternate_label` varchar(255) DEFAULT NULL,
  `alternate_comment` longtext DEFAULT NULL,
  `position` int(11) DEFAULT NULL,
  `data_type` longtext DEFAULT NULL COMMENT '(DC2Type:json_array)',
  `is_required` tinyint(1) NOT NULL,
  `is_private` tinyint(1) NOT NULL,
  `default_lang` varchar(255) DEFAULT NULL
) ENGINE=InnoDB DEFAULT CHARSET=utf8mb4 COLLATE=utf8mb4_unicode_ci;

--
-- Dumping data for table `resource_template_property`
--

INSERT INTO `resource_template_property` (`id`, `resource_template_id`, `property_id`, `alternate_label`, `alternate_comment`, `position`, `data_type`, `is_required`, `is_private`, `default_lang`) VALUES
(57, 12, 1, NULL, NULL, 1, NULL, 0, 0, NULL),
(58, 12, 4, NULL, NULL, 2, NULL, 0, 0, NULL),
(59, 12, 200, NULL, NULL, 3, NULL, 0, 0, NULL),
(60, 12, 201, NULL, NULL, 4, NULL, 0, 0, NULL),
(61, 12, 202, NULL, NULL, 5, NULL, 0, 0, NULL),
(62, 12, 203, NULL, NULL, 6, NULL, 0, 0, NULL),
(63, 12, 212, NULL, NULL, 7, NULL, 0, 0, NULL),
(64, 12, 3, NULL, NULL, 8, NULL, 0, 0, NULL),
(65, 13, 1, NULL, NULL, 1, NULL, 0, 0, NULL),
(66, 13, 2, NULL, NULL, 2, NULL, 0, 0, NULL),
(67, 13, 20, NULL, NULL, 3, NULL, 0, 0, NULL),
(68, 13, 8, NULL, NULL, 4, NULL, 0, 0, NULL),
(69, 13, 15, NULL, NULL, 5, NULL, 0, 0, NULL),
(70, 13, 203, NULL, NULL, 6, NULL, 0, 0, NULL),
(71, 14, 4, NULL, NULL, 1, NULL, 0, 0, NULL),
(72, 14, 201, NULL, NULL, 2, NULL, 0, 0, NULL),
(73, 14, 214, NULL, NULL, 3, NULL, 0, 0, NULL),
(74, 14, 213, NULL, NULL, 4, NULL, 0, 0, NULL),
(75, 15, 1, NULL, NULL, 1, NULL, 0, 0, NULL),
(76, 15, 3, NULL, NULL, 2, NULL, 0, 0, NULL),
(77, 15, 7, NULL, NULL, 3, NULL, 0, 0, NULL),
(78, 15, 202, NULL, NULL, 4, NULL, 0, 0, NULL),
(79, 16, 1, NULL, NULL, 1, '[\"literal\"]', 0, 0, NULL),
(80, 16, 204, NULL, NULL, 2, '[\"resource:item\"]', 0, 0, NULL),
(81, 16, 205, NULL, NULL, 3, '[\"resource:item\"]', 0, 0, NULL),
(83, 16, 20, NULL, NULL, 4, NULL, 0, 0, NULL),
(84, 16, 215, NULL, NULL, 5, '[\"resource:media\"]', 0, 0, NULL),
(85, 17, 1, NULL, NULL, 1, NULL, 0, 0, NULL),
(86, 17, 4, NULL, NULL, 2, NULL, 0, 0, NULL),
(87, 17, 216, NULL, NULL, 3, NULL, 0, 0, NULL),
(88, 18, 138, NULL, NULL, 1, NULL, 0, 0, NULL),
(89, 18, 224, NULL, NULL, 2, NULL, 0, 0, NULL),
(90, 18, 123, NULL, NULL, 3, NULL, 0, 0, NULL),
(91, 19, 221, NULL, NULL, 1, NULL, 0, 0, NULL),
(92, 19, 220, NULL, NULL, 2, NULL, 0, 0, NULL),
(93, 19, 222, NULL, NULL, 3, NULL, 0, 0, NULL);

-- --------------------------------------------------------

--
-- Table structure for table `session`
--

CREATE TABLE `session` (
  `id` varchar(190) NOT NULL,
  `data` longblob NOT NULL,
  `modified` int(11) NOT NULL
) ENGINE=InnoDB DEFAULT CHARSET=utf8mb4 COLLATE=utf8mb4_unicode_ci;

--
-- Dumping data for table `session`
--

INSERT INTO `session` (`id`, `data`, `modified`) VALUES
('18dbus64l6oe5dnqaahtdfg3q9', 0x5f5f4c616d696e61737c613a333a7b733a32303a225f524551554553545f4143434553535f54494d45223b643a313736333436303632392e3033333235323b733a363a225f56414c4944223b613a313a7b733a32383a224c616d696e61735c53657373696f6e5c56616c696461746f725c4964223b733a32363a2231386462757336346c366f6535646e7161616874646667337139223b7d733a34323a224c616d696e61735f56616c696461746f725f437372665f73616c745f6c6f67696e666f726d5f63737266223b613a313a7b733a363a22455850495245223b693a313736333530333833313b7d7d4c616d696e61735f56616c696461746f725f437372665f73616c745f6c6f67696e666f726d5f637372667c4f3a32363a224c616d696e61735c5374646c69625c41727261794f626a656374223a343a7b733a373a2273746f72616765223b613a323a7b733a393a22746f6b656e4c697374223b613a313a7b733a33323a226136653063303464316336613261353731303466663330616633323866303336223b733a33323a226365343032616263353433313231306239336666646261633563396131393765223b7d733a343a2268617368223b733a36353a2263653430326162633534333132313062393366666462616335633961313937652d6136653063303464316336613261353731303466663330616633323866303336223b7d733a343a22666c6167223b693a323b733a31333a226974657261746f72436c617373223b733a31333a2241727261794974657261746f72223b733a31393a2270726f74656374656450726f70657274696573223b613a343a7b693a303b733a373a2273746f72616765223b693a313b733a343a22666c6167223b693a323b733a31333a226974657261746f72436c617373223b693a333b733a31393a2270726f74656374656450726f70657274696573223b7d7d, 1763460633),
('27dsjhf52sf32ftpipkjj63rdj', 0x5f5f4c616d696e61737c613a323a7b733a32303a225f524551554553545f4143434553535f54494d45223b643a313736343631333832332e3731363633363b733a363a225f56414c4944223b613a313a7b733a32383a224c616d696e61735c53657373696f6e5c56616c696461746f725c4964223b733a32363a22323764736a686635327366333266747069706b6a6a363372646a223b7d7d, 1764613825),
('5o2om9oba0i7agbjejed5vlrbr', 0x5f5f4c616d696e61737c613a363a7b733a32303a225f524551554553545f4143434553535f54494d45223b643a313736343636333936302e3635323731383b733a363a225f56414c4944223b613a313a7b733a32383a224c616d696e61735c53657373696f6e5c56616c696461746f725c4964223b733a32363a2268376f753465636b3465676b6e6f6b37767336366c6a36616476223b7d733a34323a224c616d696e61735f56616c696461746f725f437372665f73616c745f6c6f67696e666f726d5f63737266223b613a313a7b733a363a22455850495245223b693a313736343730363038333b7d733a36313a224c616d696e61735f56616c696461746f725f437372665f73616c745f6d6f64756c655f54696d65576869737065725f636f6e6669677572655f63737266223b613a313a7b733a363a22455850495245223b693a313736343730373136303b7d733a33323a224c616d696e61735f56616c696461746f725f437372665f73616c745f63737266223b613a313a7b733a363a22455850495245223b693a313736343730373135383b7d733a34343a224c616d696e61735f56616c696461746f725f437372665f73616c745f636f6e6669726d666f726d5f63737266223b613a313a7b733a363a22455850495245223b693a313736343730363839313b7d7d72656469726563745f75726c7c733a37353a22687474703a2f2f6c6f63616c686f73742f6f6d6b5f746879705f32352d32365f636c6f6e652f61646d696e2f6d6f64756c652f636f6e6669677572653f69643d54696d6557686973706572223b4c616d696e61735f56616c696461746f725f437372665f73616c745f6c6f67696e666f726d5f637372667c4f3a32363a224c616d696e61735c5374646c69625c41727261794f626a656374223a343a7b733a373a2273746f72616765223b613a323a7b733a393a22746f6b656e4c697374223b613a313a7b733a33323a223732396566343263653163393061633666366137313661353034343963663534223b733a33323a223532366434313065343065316262303965386632303831653263386639633133223b7d733a343a2268617368223b733a36353a2235323664343130653430653162623039653866323038316532633866396331332d3732396566343263653163393061633666366137313661353034343963663534223b7d733a343a22666c6167223b693a323b733a31333a226974657261746f72436c617373223b733a31333a2241727261794974657261746f72223b733a31393a2270726f74656374656450726f70657274696573223b613a343a7b693a303b733a373a2273746f72616765223b693a313b733a343a22666c6167223b693a323b733a31333a226974657261746f72436c617373223b693a333b733a31393a2270726f74656374656450726f70657274696573223b7d7d4c616d696e61735f417574687c4f3a32363a224c616d696e61735c5374646c69625c41727261794f626a656374223a343a7b733a373a2273746f72616765223b613a313a7b733a373a2273746f72616765223b693a313b7d733a343a22666c6167223b693a323b733a31333a226974657261746f72436c617373223b733a31333a2241727261794974657261746f72223b733a31393a2270726f74656374656450726f70657274696573223b613a343a7b693a303b733a373a2273746f72616765223b693a313b733a343a22666c6167223b693a323b733a31333a226974657261746f72436c617373223b693a333b733a31393a2270726f74656374656450726f70657274696573223b7d7d4f6d656b614d657373656e6765727c4f3a32363a224c616d696e61735c5374646c69625c41727261794f626a656374223a343a7b733a373a2273746f72616765223b613a303a7b7d733a343a22666c6167223b693a323b733a31333a226974657261746f72436c617373223b733a31333a2241727261794974657261746f72223b733a31393a2270726f74656374656450726f70657274696573223b613a343a7b693a303b733a373a2273746f72616765223b693a313b733a343a22666c6167223b693a323b733a31333a226974657261746f72436c617373223b693a333b733a31393a2270726f74656374656450726f70657274696573223b7d7d4c616d696e61735f56616c696461746f725f437372665f73616c745f6d6f64756c655f54696d65576869737065725f636f6e6669677572655f637372667c4f3a32363a224c616d696e61735c5374646c69625c41727261794f626a656374223a343a7b733a373a2273746f72616765223b613a323a7b733a393a22746f6b656e4c697374223b613a333a7b733a33323a223563653765613138366230663061366166313464383265643435323035303262223b733a33323a226465616463636330656539353736663461356433383334613237393232316262223b733a33323a223561336162373338303564353438373333336334643436326438396433373536223b733a33323a226162643537663562623832326332613533633862396466376433656661623337223b733a33323a226639323832666362326535383737633261363433613964663564346633376634223b733a33323a226662303461623539326137323130643363623864336438623066663033323439223b7d733a343a2268617368223b733a36353a2266623034616235393261373231306433636238643364386230666630333234392d6639323832666362326535383737633261363433613964663564346633376634223b7d733a343a22666c6167223b693a323b733a31333a226974657261746f72436c617373223b733a31333a2241727261794974657261746f72223b733a31393a2270726f74656374656450726f70657274696573223b613a343a7b693a303b733a373a2273746f72616765223b693a313b733a343a22666c6167223b693a323b733a31333a226974657261746f72436c617373223b693a333b733a31393a2270726f74656374656450726f70657274696573223b7d7d4c616d696e61735f56616c696461746f725f437372665f73616c745f637372667c4f3a32363a224c616d696e61735c5374646c69625c41727261794f626a656374223a343a7b733a373a2273746f72616765223b613a323a7b733a393a22746f6b656e4c697374223b613a363a7b733a33323a223565393365393861643264336439363439386433373636373238303238343538223b733a33323a223461336634313035353565336233303337313836663835613838383738613565223b733a33323a226132326365383665623132363130393364656563666538613532633632333938223b733a33323a226234336663323330666135333438376435656130613561333232613962303732223b733a33323a223732366361663362623532626539343430366262656639383033393930643333223b733a33323a226531333336663238376534623335316162383065663937363331656138343430223b733a33323a223662336563613764633436663432373432626334306562666662343331636630223b733a33323a226664643030336464326535373161373936366537653336373464313530323038223b733a33323a226335653836363765393938373537613136303265373330616632316663353836223b733a33323a223663356339383362323863303333363237393730643331346430633132303031223b733a33323a223964356138633065313436663731373432343234393435363332383861313331223b733a33323a226563663262383534303766366633653433313034323032396233316562306465223b7d733a343a2268617368223b733a36353a2265636632623835343037663666336534333130343230323962333165623064652d3964356138633065313436663731373432343234393435363332383861313331223b7d733a343a22666c6167223b693a323b733a31333a226974657261746f72436c617373223b733a31333a2241727261794974657261746f72223b733a31393a2270726f74656374656450726f70657274696573223b613a343a7b693a303b733a373a2273746f72616765223b693a313b733a343a22666c6167223b693a323b733a31333a226974657261746f72436c617373223b693a333b733a31393a2270726f74656374656450726f70657274696573223b7d7d4c616d696e61735f56616c696461746f725f437372665f73616c745f636f6e6669726d666f726d5f637372667c4f3a32363a224c616d696e61735c5374646c69625c41727261794f626a656374223a343a7b733a373a2273746f72616765223b613a323a7b733a393a22746f6b656e4c697374223b613a343a7b733a33323a223432373035333966353765353537646633386562366461663837663132613061223b733a33323a223137373732303366353238333731363762333064336536643936363666643365223b733a33323a226166373235656337666230326639663832663763656536396436353437643763223b733a33323a223262356332386664366232343138316563336361386230653664343036633165223b733a33323a226265323639326334373836343639623966653232363662333430323839623736223b733a33323a226361346337643135386630396539346131343133653963666132393239313132223b733a33323a223938666231383831386637386339356239646133336537346463353436623662223b733a33323a223936376135373035313933623237303133313961303937613335386534343931223b7d733a343a2268617368223b733a36353a2239363761353730353139336232373031333139613039376133353865343439312d3938666231383831386637386339356239646133336537346463353436623662223b7d733a343a22666c6167223b693a323b733a31333a226974657261746f72436c617373223b733a31333a2241727261794974657261746f72223b733a31393a2270726f74656374656450726f70657274696573223b613a343a7b693a303b733a373a2273746f72616765223b693a313b733a343a22666c6167223b693a323b733a31333a226974657261746f72436c617373223b693a333b733a31393a2270726f74656374656450726f70657274696573223b7d7d, 1764663960),
('6mnfc54umvvgc8bdmt8r9q3k7c', 0x5f5f4c616d696e61737c613a343a7b733a32303a225f524551554553545f4143434553535f54494d45223b643a313736353236393331342e3630363438313b733a363a225f56414c4944223b613a313a7b733a32383a224c616d696e61735c53657373696f6e5c56616c696461746f725c4964223b733a32363a223564766a746d32353230686a6a626c30306d676d687269666e74223b7d733a34323a224c616d696e61735f56616c696461746f725f437372665f73616c745f6c6f67696e666f726d5f63737266223b613a313a7b733a363a22455850495245223b693a313736353331323439353b7d733a33323a224c616d696e61735f56616c696461746f725f437372665f73616c745f63737266223b613a313a7b733a363a22455850495245223b693a313736353331323531333b7d7d72656469726563745f75726c7c733a34333a22687474703a2f2f6c6f63616c686f73742f6f6d6b5f746879705f32352d32365f636c6f6e652f61646d696e223b4c616d696e61735f56616c696461746f725f437372665f73616c745f6c6f67696e666f726d5f637372667c4f3a32363a224c616d696e61735c5374646c69625c41727261794f626a656374223a343a7b733a373a2273746f72616765223b613a323a7b733a393a22746f6b656e4c697374223b613a313a7b733a33323a226533316234643962313962303736386637373838613965393563336162346334223b733a33323a226336633465613637363634363531353435613337323665643630336138333936223b7d733a343a2268617368223b733a36353a2263366334656136373636343635313534356133373236656436303361383339362d6533316234643962313962303736386637373838613965393563336162346334223b7d733a343a22666c6167223b693a323b733a31333a226974657261746f72436c617373223b733a31333a2241727261794974657261746f72223b733a31393a2270726f74656374656450726f70657274696573223b613a343a7b693a303b733a373a2273746f72616765223b693a313b733a343a22666c6167223b693a323b733a31333a226974657261746f72436c617373223b693a333b733a31393a2270726f74656374656450726f70657274696573223b7d7d4c616d696e61735f417574687c4f3a32363a224c616d696e61735c5374646c69625c41727261794f626a656374223a343a7b733a373a2273746f72616765223b613a313a7b733a373a2273746f72616765223b693a313b7d733a343a22666c6167223b693a323b733a31333a226974657261746f72436c617373223b733a31333a2241727261794974657261746f72223b733a31393a2270726f74656374656450726f70657274696573223b613a343a7b693a303b733a373a2273746f72616765223b693a313b733a343a22666c6167223b693a323b733a31333a226974657261746f72436c617373223b693a333b733a31393a2270726f74656374656450726f70657274696573223b7d7d4f6d656b614d657373656e6765727c4f3a32363a224c616d696e61735c5374646c69625c41727261794f626a656374223a343a7b733a373a2273746f72616765223b613a303a7b7d733a343a22666c6167223b693a323b733a31333a226974657261746f72436c617373223b733a31333a2241727261794974657261746f72223b733a31393a2270726f74656374656450726f70657274696573223b613a343a7b693a303b733a373a2273746f72616765223b693a313b733a343a22666c6167223b693a323b733a31333a226974657261746f72436c617373223b693a333b733a31393a2270726f74656374656450726f70657274696573223b7d7d4c616d696e61735f56616c696461746f725f437372665f73616c745f637372667c4f3a32363a224c616d696e61735c5374646c69625c41727261794f626a656374223a343a7b733a373a2273746f72616765223b613a323a7b733a393a22746f6b656e4c697374223b613a313a7b733a33323a223834303366333836343636323431343461353061663836653338306233386134223b733a33323a226531356162643830646531386165326561613764613730353662623239363262223b7d733a343a2268617368223b733a36353a2265313561626438306465313861653265616137646137303536626232393632622d3834303366333836343636323431343461353061663836653338306233386134223b7d733a343a22666c6167223b693a323b733a31333a226974657261746f72436c617373223b733a31333a2241727261794974657261746f72223b733a31393a2270726f74656374656450726f70657274696573223b613a343a7b693a303b733a373a2273746f72616765223b693a313b733a343a22666c6167223b693a323b733a31333a226974657261746f72436c617373223b693a333b733a31393a2270726f74656374656450726f70657274696573223b7d7d, 1765269314),
('7mg1hfdj7v1c3dnjiq0etil1h1', 0x5f5f4c616d696e61737c613a343a7b733a32303a225f524551554553545f4143434553535f54494d45223b643a313736343631383339392e3334333136343b733a363a225f56414c4944223b613a313a7b733a32383a224c616d696e61735c53657373696f6e5c56616c696461746f725c4964223b733a32363a226d6874756f6234647667727439726d31623033386b733562636d223b7d733a34323a224c616d696e61735f56616c696461746f725f437372665f73616c745f6c6f67696e666f726d5f63737266223b613a313a7b733a363a22455850495245223b693a313736343636313538393b7d733a33323a224c616d696e61735f56616c696461746f725f437372665f73616c745f63737266223b613a313a7b733a363a22455850495245223b693a313736343636313539363b7d7d72656469726563745f75726c7c733a37333a22687474703a2f2f6c6f63616c686f73742f6f6d6b5f746879705f32352d32365f636c6f6e652f61646d696e2f6d6f64756c652f696e7374616c6c3f69643d54696d6557686973706572223b4c616d696e61735f56616c696461746f725f437372665f73616c745f6c6f67696e666f726d5f637372667c4f3a32363a224c616d696e61735c5374646c69625c41727261794f626a656374223a343a7b733a373a2273746f72616765223b613a323a7b733a393a22746f6b656e4c697374223b613a313a7b733a33323a226237626333643831396632646435616536653063343562623236366634666531223b733a33323a226436643931396265663736343333386634663832366130373833623634363539223b7d733a343a2268617368223b733a36353a2264366439313962656637363433333866346638323661303738336236343635392d6237626333643831396632646435616536653063343562623236366634666531223b7d733a343a22666c6167223b693a323b733a31333a226974657261746f72436c617373223b733a31333a2241727261794974657261746f72223b733a31393a2270726f74656374656450726f70657274696573223b613a343a7b693a303b733a373a2273746f72616765223b693a313b733a343a22666c6167223b693a323b733a31333a226974657261746f72436c617373223b693a333b733a31393a2270726f74656374656450726f70657274696573223b7d7d4c616d696e61735f417574687c4f3a32363a224c616d696e61735c5374646c69625c41727261794f626a656374223a343a7b733a373a2273746f72616765223b613a313a7b733a373a2273746f72616765223b693a313b7d733a343a22666c6167223b693a323b733a31333a226974657261746f72436c617373223b733a31333a2241727261794974657261746f72223b733a31393a2270726f74656374656450726f70657274696573223b613a343a7b693a303b733a373a2273746f72616765223b693a313b733a343a22666c6167223b693a323b733a31333a226974657261746f72436c617373223b693a333b733a31393a2270726f74656374656450726f70657274696573223b7d7d4f6d656b614d657373656e6765727c4f3a32363a224c616d696e61735c5374646c69625c41727261794f626a656374223a343a7b733a373a2273746f72616765223b613a303a7b7d733a343a22666c6167223b693a323b733a31333a226974657261746f72436c617373223b733a31333a2241727261794974657261746f72223b733a31393a2270726f74656374656450726f70657274696573223b613a343a7b693a303b733a373a2273746f72616765223b693a313b733a343a22666c6167223b693a323b733a31333a226974657261746f72436c617373223b693a333b733a31393a2270726f74656374656450726f70657274696573223b7d7d4c616d696e61735f56616c696461746f725f437372665f73616c745f637372667c4f3a32363a224c616d696e61735c5374646c69625c41727261794f626a656374223a343a7b733a373a2273746f72616765223b613a323a7b733a393a22746f6b656e4c697374223b613a313a7b733a33323a223237326163303966396362383332646639333834383838396235373636333931223b733a33323a226337616639616564346134363462636630353761316438616263386264356635223b7d733a343a2268617368223b733a36353a2263376166396165643461343634626366303537613164386162633862643566352d3237326163303966396362383332646639333834383838396235373636333931223b7d733a343a22666c6167223b693a323b733a31333a226974657261746f72436c617373223b733a31333a2241727261794974657261746f72223b733a31393a2270726f74656374656450726f70657274696573223b613a343a7b693a303b733a373a2273746f72616765223b693a313b733a343a22666c6167223b693a323b733a31333a226974657261746f72436c617373223b693a333b733a31393a2270726f74656374656450726f70657274696573223b7d7d, 1764618399),
('7mgnacdjv0kpd9bamdk3ufq67g', 0x5f5f4c616d696e61737c613a333a7b733a32303a225f524551554553545f4143434553535f54494d45223b643a313736343633343937312e3538353739353b733a363a225f56414c4944223b613a313a7b733a32383a224c616d696e61735c53657373696f6e5c56616c696461746f725c4964223b733a32363a226971307472766b3163756364323336727663396b6f6130663669223b7d733a34323a224c616d696e61735f56616c696461746f725f437372665f73616c745f6c6f67696e666f726d5f63737266223b613a313a7b733a363a22455850495245223b693a313736343637383130393b7d7d72656469726563745f75726c7c733a35303a22687474703a2f2f6c6f63616c686f73742f6f6d6b5f746879705f32352d32365f636c6f6e652f61646d696e2f6d6f64756c65223b4c616d696e61735f56616c696461746f725f437372665f73616c745f6c6f67696e666f726d5f637372667c4f3a32363a224c616d696e61735c5374646c69625c41727261794f626a656374223a343a7b733a373a2273746f72616765223b613a323a7b733a393a22746f6b656e4c697374223b613a313a7b733a33323a226561653531336433373161366538613931383538326130326366626538353966223b733a33323a226163373864636362616432373136356335323066633432383739653338643266223b7d733a343a2268617368223b733a36353a2261633738646363626164323731363563353230666334323837396533386432662d6561653531336433373161366538613931383538326130326366626538353966223b7d733a343a22666c6167223b693a323b733a31333a226974657261746f72436c617373223b733a31333a2241727261794974657261746f72223b733a31393a2270726f74656374656450726f70657274696573223b613a343a7b693a303b733a373a2273746f72616765223b693a313b733a343a22666c6167223b693a323b733a31333a226974657261746f72436c617373223b693a333b733a31393a2270726f74656374656450726f70657274696573223b7d7d4c616d696e61735f417574687c4f3a32363a224c616d696e61735c5374646c69625c41727261794f626a656374223a343a7b733a373a2273746f72616765223b613a313a7b733a373a2273746f72616765223b693a313b7d733a343a22666c6167223b693a323b733a31333a226974657261746f72436c617373223b733a31333a2241727261794974657261746f72223b733a31393a2270726f74656374656450726f70657274696573223b613a343a7b693a303b733a373a2273746f72616765223b693a313b733a343a22666c6167223b693a323b733a31333a226974657261746f72436c617373223b693a333b733a31393a2270726f74656374656450726f70657274696573223b7d7d4f6d656b614d657373656e6765727c4f3a32363a224c616d696e61735c5374646c69625c41727261794f626a656374223a343a7b733a373a2273746f72616765223b613a303a7b7d733a343a22666c6167223b693a323b733a31333a226974657261746f72436c617373223b733a31333a2241727261794974657261746f72223b733a31393a2270726f74656374656450726f70657274696573223b613a343a7b693a303b733a373a2273746f72616765223b693a313b733a343a22666c6167223b693a323b733a31333a226974657261746f72436c617373223b693a333b733a31393a2270726f74656374656450726f70657274696573223b7d7d, 1764634971),
('dj9djmifhj0ga8fs0knpqb2eg5', 0x5f5f4c616d696e61737c613a363a7b733a32303a225f524551554553545f4143434553535f54494d45223b643a313736343631383331392e3037303239323b733a363a225f56414c4944223b613a313a7b733a32383a224c616d696e61735c53657373696f6e5c56616c696461746f725c4964223b733a32363a226370343061393236726e336c6132386c336b6330377236616233223b7d733a34323a224c616d696e61735f56616c696461746f725f437372665f73616c745f6c6f67696e666f726d5f63737266223b613a313a7b733a363a22455850495245223b693a313736343635373435343b7d733a33323a224c616d696e61735f56616c696461746f725f437372665f73616c745f63737266223b613a313a7b733a363a22455850495245223b693a313736343636313433393b7d733a36313a224c616d696e61735f56616c696461746f725f437372665f73616c745f6d6f64756c655f54696d65576869737065725f636f6e6669677572655f63737266223b613a313a7b733a363a22455850495245223b693a313736343635393938313b7d733a34343a224c616d696e61735f56616c696461746f725f437372665f73616c745f636f6e6669726d666f726d5f63737266223b613a313a7b733a363a22455850495245223b693a313736343636313531383b7d7d72656469726563745f75726c7c733a34333a22687474703a2f2f6c6f63616c686f73742f6f6d6b5f746879705f32352d32365f636c6f6e652f61646d696e223b4c616d696e61735f56616c696461746f725f437372665f73616c745f6c6f67696e666f726d5f637372667c4f3a32363a224c616d696e61735c5374646c69625c41727261794f626a656374223a343a7b733a373a2273746f72616765223b613a323a7b733a393a22746f6b656e4c697374223b613a313a7b733a33323a226264613938343866393263353661666434623238363931336533666236316539223b733a33323a223734336134663661343865663335346661646435313331663336626236646234223b7d733a343a2268617368223b733a36353a2237343361346636613438656633353466616464353133316633366262366462342d6264613938343866393263353661666434623238363931336533666236316539223b7d733a343a22666c6167223b693a323b733a31333a226974657261746f72436c617373223b733a31333a2241727261794974657261746f72223b733a31393a2270726f74656374656450726f70657274696573223b613a343a7b693a303b733a373a2273746f72616765223b693a313b733a343a22666c6167223b693a323b733a31333a226974657261746f72436c617373223b693a333b733a31393a2270726f74656374656450726f70657274696573223b7d7d4c616d696e61735f417574687c4f3a32363a224c616d696e61735c5374646c69625c41727261794f626a656374223a343a7b733a373a2273746f72616765223b613a313a7b733a373a2273746f72616765223b693a313b7d733a343a22666c6167223b693a323b733a31333a226974657261746f72436c617373223b733a31333a2241727261794974657261746f72223b733a31393a2270726f74656374656450726f70657274696573223b613a343a7b693a303b733a373a2273746f72616765223b693a313b733a343a22666c6167223b693a323b733a31333a226974657261746f72436c617373223b693a333b733a31393a2270726f74656374656450726f70657274696573223b7d7d4f6d656b614d657373656e6765727c4f3a32363a224c616d696e61735c5374646c69625c41727261794f626a656374223a343a7b733a373a2273746f72616765223b613a303a7b7d733a343a22666c6167223b693a323b733a31333a226974657261746f72436c617373223b733a31333a2241727261794974657261746f72223b733a31393a2270726f74656374656450726f70657274696573223b613a343a7b693a303b733a373a2273746f72616765223b693a313b733a343a22666c6167223b693a323b733a31333a226974657261746f72436c617373223b693a333b733a31393a2270726f74656374656450726f70657274696573223b7d7d4c616d696e61735f56616c696461746f725f437372665f73616c745f637372667c4f3a32363a224c616d696e61735c5374646c69625c41727261794f626a656374223a343a7b733a373a2273746f72616765223b613a323a7b733a393a22746f6b656e4c697374223b613a32323a7b733a33323a223261363539303932643261366534353236646239326332376138316230383034223b733a33323a223031316232326635666163373437616161326133333135613262636164663066223b733a33323a223263393463653261323033346236643261353731373433303736646465326361223b733a33323a226638616636353064396636376663323339366162393135653864343931626464223b733a33323a226465616166623732656438303839643964326462316136373463663237343433223b733a33323a223937353864666666353937383439316565373935613064313531633063646265223b733a33323a226163363538636330646663303030336639663830343163663235363963383834223b733a33323a226465386239646134633630633030613737646235366531663762616634366265223b733a33323a223739333130623530326537636338623665616638626533663062333830363264223b733a33323a226632353531313430666136373161653236356136343838613265636637653964223b733a33323a223266396464393637363830343030623335396434373961396362646262363337223b733a33323a226437376536626535613336346364353230323062373736623538316264663966223b733a33323a226635636463636263623161383933326466623134303931303239633931383034223b733a33323a226138363563613464383634386534343164393565343136626639393030653732223b733a33323a223638383164613036346235373839613564613065386638633837393163343438223b733a33323a223661653732666631336665323730313932336634326138313462643530313639223b733a33323a223563653530353836343336386637356434303364623463306435356166653636223b733a33323a226233333131373830393561613733633035386332353365666136633863353963223b733a33323a226561613665396336323334363266386366306261396566643766353361313038223b733a33323a226130643133653962356261373831313361373336336235313130633830336165223b733a33323a226261316237333665613964643831663135303665613864363961356463303936223b733a33323a223537616464356263383530633830613764333838613065626537643732393562223b733a33323a223362313934336530663136366231353366616363636662653230626437326565223b733a33323a226263663636643934393265393163633564373735646230663936656261343130223b733a33323a223164633837623361366366346432613034333862313862393964623062343132223b733a33323a223661623462326262643038663134633965346266376165326164333961386336223b733a33323a223461393266383139663737386139323931643434303266333734336334633663223b733a33323a223730333665343335316239316437326430323261323561663232316365623430223b733a33323a223533343162383664363536313731333563336264383937386337646666373638223b733a33323a223664373338343737636430636563363133353235333838323633663830356165223b733a33323a223236313263323361626664356563666536393633323564383564633730386534223b733a33323a226333396239396265363233343463636636346433626338393761373461646563223b733a33323a226163626164363739383763623434643462653930303735633335636632336330223b733a33323a226263336537663263636138323132326239363537333732643033643362333332223b733a33323a223666323939326134393666626565336461653265666632626562663763356438223b733a33323a226564656436326335646136393838343334353931313462383530643836336232223b733a33323a226131393830336132343130343836366465386532623030383262666431616530223b733a33323a223065316365353532653963613433626537306235623166646665383637383232223b733a33323a223664356239646364383434666262636336643335353865666233373661366666223b733a33323a226161663334616666616265666336393537333736643130346333363364616338223b733a33323a226634633335616639326163343463353130613134346563666536333332306339223b733a33323a223638666232613962303963626536633963623063376237333165653037356436223b733a33323a223862326164393231643664363264376132376565303034373430383835306130223b733a33323a223839623664623861653330386637376565316664363037353166353762366539223b7d733a343a2268617368223b733a36353a2238396236646238616533303866373765653166643630373531663537623665392d3862326164393231643664363264376132376565303034373430383835306130223b7d733a343a22666c6167223b693a323b733a31333a226974657261746f72436c617373223b733a31333a2241727261794974657261746f72223b733a31393a2270726f74656374656450726f70657274696573223b613a343a7b693a303b733a373a2273746f72616765223b693a313b733a343a22666c6167223b693a323b733a31333a226974657261746f72436c617373223b693a333b733a31393a2270726f74656374656450726f70657274696573223b7d7d4c616d696e61735f56616c696461746f725f437372665f73616c745f6d6f64756c655f54696d65576869737065725f636f6e6669677572655f637372667c4f3a32363a224c616d696e61735c5374646c69625c41727261794f626a656374223a343a7b733a373a2273746f72616765223b613a323a7b733a393a22746f6b656e4c697374223b613a333a7b733a33323a226465386165643664666331356265303133363833626636386335333564323230223b733a33323a223839383833313932306461313439303365363464326233633964393136323236223b733a33323a226436623638633861363133616666666466643432383163393234303530666336223b733a33323a223637653232366163313363663233356333373164363932396339613163393866223b733a33323a226361313232646332323130373466373665313364383733643663663363613265223b733a33323a223266346562343065396232623161646339333663313639643137306363633038223b7d733a343a2268617368223b733a36353a2232663465623430653962326231616463393336633136396431373063636330382d6361313232646332323130373466373665313364383733643663663363613265223b7d733a343a22666c6167223b693a323b733a31333a226974657261746f72436c617373223b733a31333a2241727261794974657261746f72223b733a31393a2270726f74656374656450726f70657274696573223b613a343a7b693a303b733a373a2273746f72616765223b693a313b733a343a22666c6167223b693a323b733a31333a226974657261746f72436c617373223b693a333b733a31393a2270726f74656374656450726f70657274696573223b7d7d4c616d696e61735f56616c696461746f725f437372665f73616c745f636f6e6669726d666f726d5f637372667c4f3a32363a224c616d696e61735c5374646c69625c41727261794f626a656374223a343a7b733a373a2273746f72616765223b613a323a7b733a393a22746f6b656e4c697374223b613a333a7b733a33323a223333373030613739386563666562623332616563663631386538323832613433223b733a33323a223836333932643465333864343931616465356438306465626539666430343637223b733a33323a223635393063333635616531666633626566613032633437653061653563636337223b733a33323a223762356563386331636166333230323932306563633036623665626136626336223b733a33323a226130623763313965633733303666323037653130326131626137613234636462223b733a33323a223531313264316339663666346433666261623666653430336661316632633230223b7d733a343a2268617368223b733a36353a2235313132643163396636663464336662616236666534303366613166326332302d6130623763313965633733303666323037653130326131626137613234636462223b7d733a343a22666c6167223b693a323b733a31333a226974657261746f72436c617373223b733a31333a2241727261794974657261746f72223b733a31393a2270726f74656374656450726f70657274696573223b613a343a7b693a303b733a373a2273746f72616765223b693a313b733a343a22666c6167223b693a323b733a31333a226974657261746f72436c617373223b693a333b733a31393a2270726f74656374656450726f70657274696573223b7d7d, 1764618319),
('gk0tt9omeoqt0n2bbqa427lmkh', 0x5f5f4c616d696e61737c613a363a7b733a32303a225f524551554553545f4143434553535f54494d45223b643a313736353237303431332e3632393632313b733a363a225f56414c4944223b613a313a7b733a32383a224c616d696e61735c53657373696f6e5c56616c696461746f725c4964223b733a32363a2267766862706c3665626474676e6b7263393236733462686a376f223b7d733a34323a224c616d696e61735f56616c696461746f725f437372665f73616c745f6c6f67696e666f726d5f63737266223b613a313a7b733a363a22455850495245223b693a313736353331323534373b7d733a33323a224c616d696e61735f56616c696461746f725f437372665f73616c745f63737266223b613a313a7b733a363a22455850495245223b693a313736353331333631333b7d733a35333a224c616d696e61735f56616c696461746f725f437372665f73616c745f7265736f7572636574656d706c617465666f726d5f63737266223b613a313a7b733a363a22455850495245223b693a313736353331333037313b7d733a34343a224c616d696e61735f56616c696461746f725f437372665f73616c745f636f6e6669726d666f726d5f63737266223b613a313a7b733a363a22455850495245223b693a313736353331333539363b7d7d72656469726563745f75726c7c733a33303a22687474703a2f2f6c6f63616c686f73742f6f6d656b612d732f61646d696e223b4c616d696e61735f56616c696461746f725f437372665f73616c745f6c6f67696e666f726d5f637372667c4f3a32363a224c616d696e61735c5374646c69625c41727261794f626a656374223a343a7b733a373a2273746f72616765223b613a323a7b733a393a22746f6b656e4c697374223b613a313a7b733a33323a223635353966366230663739613039653539656334663537613538636230613866223b733a33323a226264623739386633653631336439303364336630623831613863663634613634223b7d733a343a2268617368223b733a36353a2262646237393866336536313364393033643366306238316138636636346136342d3635353966366230663739613039653539656334663537613538636230613866223b7d733a343a22666c6167223b693a323b733a31333a226974657261746f72436c617373223b733a31333a2241727261794974657261746f72223b733a31393a2270726f74656374656450726f70657274696573223b613a343a7b693a303b733a373a2273746f72616765223b693a313b733a343a22666c6167223b693a323b733a31333a226974657261746f72436c617373223b693a333b733a31393a2270726f74656374656450726f70657274696573223b7d7d4c616d696e61735f417574687c4f3a32363a224c616d696e61735c5374646c69625c41727261794f626a656374223a343a7b733a373a2273746f72616765223b613a313a7b733a373a2273746f72616765223b693a313b7d733a343a22666c6167223b693a323b733a31333a226974657261746f72436c617373223b733a31333a2241727261794974657261746f72223b733a31393a2270726f74656374656450726f70657274696573223b613a343a7b693a303b733a373a2273746f72616765223b693a313b733a343a22666c6167223b693a323b733a31333a226974657261746f72436c617373223b693a333b733a31393a2270726f74656374656450726f70657274696573223b7d7d4f6d656b614d657373656e6765727c4f3a32363a224c616d696e61735c5374646c69625c41727261794f626a656374223a343a7b733a373a2273746f72616765223b613a303a7b7d733a343a22666c6167223b693a323b733a31333a226974657261746f72436c617373223b733a31333a2241727261794974657261746f72223b733a31393a2270726f74656374656450726f70657274696573223b613a343a7b693a303b733a373a2273746f72616765223b693a313b733a343a22666c6167223b693a323b733a31333a226974657261746f72436c617373223b693a333b733a31393a2270726f74656374656450726f70657274696573223b7d7d4c616d696e61735f56616c696461746f725f437372665f73616c745f637372667c4f3a32363a224c616d696e61735c5374646c69625c41727261794f626a656374223a343a7b733a373a2273746f72616765223b613a323a7b733a393a22746f6b656e4c697374223b613a31303a7b733a33323a226263303462656237303233383263396234316334366165326661623563643635223b733a33323a223963306131656535343166383366303339303335623064323764646662363966223b733a33323a223065626261363130343232646434353964316632316432333735656237626237223b733a33323a223732346230643539346162343339653134343761373863636639623432346130223b733a33323a223938366564333539376464373035393939353837333032326165306530666337223b733a33323a223065663562393866383630323238333762326335636562646263353230373761223b733a33323a226135643462623661316235666463623836633263363961316238633833656561223b733a33323a223162343034633061383166346438386637633630306531323539343436666662223b733a33323a223764353638633736646132366266333732636630326463313937626162376638223b733a33323a226536373537306636353530366338626334346563356535396364353163393034223b733a33323a226139323464383565643534323465343464363136313432623362333132343266223b733a33323a226565386232393666626436636264346136383865613066613437326133386637223b733a33323a223535306565646230346231363635373631343933343530626630313034373964223b733a33323a223564303435363764626132626566346665323139613435333064623430333364223b733a33323a223638393663363234316662653664366539353330313263386537633232663437223b733a33323a226662386531346566303739636362666336616465623136363739366431643361223b733a33323a223337613762373431636533303331306239383637343930346635316337313763223b733a33323a223634613839373363663962653537323665303831623737396537393531633366223b733a33323a223561333561633862343362343330666266313835346534393835643732346338223b733a33323a226337653363343066353665303933396633623564633964623535653138373730223b7d733a343a2268617368223b733a36353a2263376533633430663536653039333966336235646339646235356531383737302d3561333561633862343362343330666266313835346534393835643732346338223b7d733a343a22666c6167223b693a323b733a31333a226974657261746f72436c617373223b733a31333a2241727261794974657261746f72223b733a31393a2270726f74656374656450726f70657274696573223b613a343a7b693a303b733a373a2273746f72616765223b693a313b733a343a22666c6167223b693a323b733a31333a226974657261746f72436c617373223b693a333b733a31393a2270726f74656374656450726f70657274696573223b7d7d4c616d696e61735f56616c696461746f725f437372665f73616c745f7265736f7572636574656d706c617465666f726d5f637372667c4f3a32363a224c616d696e61735c5374646c69625c41727261794f626a656374223a343a7b733a373a2273746f72616765223b613a323a7b733a393a22746f6b656e4c697374223b613a343a7b733a33323a223032323362396235313236656235376231373464376236306134653666663465223b733a33323a226338323764643361326265323633356634313630396365336365346463666265223b733a33323a223032646531353336313838326338646663313466663761643662643135616462223b733a33323a226565323039333461613136313431306264646430323937323634336461323432223b733a33323a223064353730613764613839316437323066633531613737373862346162396235223b733a33323a223838343938326134343436306633336131393332396637373930363232663137223b733a33323a226532336363303935623464366239636566646132323564303363393435663232223b733a33323a223030313961316433646130643236383332386131383635326264383832653331223b7d733a343a2268617368223b733a36353a2230303139613164336461306432363833323861313836353262643838326533312d6532336363303935623464366239636566646132323564303363393435663232223b7d733a343a22666c6167223b693a323b733a31333a226974657261746f72436c617373223b733a31333a2241727261794974657261746f72223b733a31393a2270726f74656374656450726f70657274696573223b613a343a7b693a303b733a373a2273746f72616765223b693a313b733a343a22666c6167223b693a323b733a31333a226974657261746f72436c617373223b693a333b733a31393a2270726f74656374656450726f70657274696573223b7d7d4c616d696e61735f56616c696461746f725f437372665f73616c745f636f6e6669726d666f726d5f637372667c4f3a32363a224c616d696e61735c5374646c69625c41727261794f626a656374223a343a7b733a373a2273746f72616765223b613a323a7b733a393a22746f6b656e4c697374223b613a363a7b733a33323a223837613232366366376361333763613032343730363366383365363232326639223b733a33323a223034353465646633623937376365613964353439323533343239653161373461223b733a33323a226365346634316232623837386461393866366366613837353465356639653037223b733a33323a223339653236636435373339393464626538656133323162356238373234616134223b733a33323a223336646235346666383934343763366234636464383737663131323633333362223b733a33323a223862333762393861633031316363363339633639363564653230336263326562223b733a33323a226637626639663433353362666238303862386463386130663531623266366365223b733a33323a223134343638663235306130633639373937666561643563613038303039623662223b733a33323a226634666465646137333231303433646430306364646163626563346264626438223b733a33323a223338316233383564626437313366343061653663663665663439613131306237223b733a33323a223433303932653161623936366538623131646133373231343731353065316233223b733a33323a226135653835653836323639646436663633303263383166643066326666636163223b7d733a343a2268617368223b733a36353a2261356538356538363236396464366636333032633831666430663266666361632d3433303932653161623936366538623131646133373231343731353065316233223b7d733a343a22666c6167223b693a323b733a31333a226974657261746f72436c617373223b733a31333a2241727261794974657261746f72223b733a31393a2270726f74656374656450726f70657274696573223b613a343a7b693a303b733a373a2273746f72616765223b693a313b733a343a22666c6167223b693a323b733a31333a226974657261746f72436c617373223b693a333b733a31393a2270726f74656374656450726f70657274696573223b7d7d, 1765270413),
('mungt19sk9iupsmbm092srqrth', 0x5f5f4c616d696e61737c613a343a7b733a32303a225f524551554553545f4143434553535f54494d45223b643a313736343631323933382e36383030313b733a363a225f56414c4944223b613a313a7b733a32383a224c616d696e61735c53657373696f6e5c56616c696461746f725c4964223b733a32363a22633830326d6f686f616234657269763638686a39756b32747032223b7d733a34323a224c616d696e61735f56616c696461746f725f437372665f73616c745f6c6f67696e666f726d5f63737266223b613a313a7b733a363a22455850495245223b693a313736343635343239333b7d733a33323a224c616d696e61735f56616c696461746f725f437372665f73616c745f63737266223b613a313a7b733a363a22455850495245223b693a313736343635363133383b7d7d72656469726563745f75726c7c733a34333a22687474703a2f2f6c6f63616c686f73742f6f6d6b5f746879705f32352d32365f636c6f6e652f61646d696e223b4c616d696e61735f56616c696461746f725f437372665f73616c745f6c6f67696e666f726d5f637372667c4f3a32363a224c616d696e61735c5374646c69625c41727261794f626a656374223a343a7b733a373a2273746f72616765223b613a323a7b733a393a22746f6b656e4c697374223b613a313a7b733a33323a226339326333313136363931333430333362643237613235613165306430383062223b733a33323a223135653135303938653731316137333431336264323064643834303461653934223b7d733a343a2268617368223b733a36353a2231356531353039386537313161373334313362643230646438343034616539342d6339326333313136363931333430333362643237613235613165306430383062223b7d733a343a22666c6167223b693a323b733a31333a226974657261746f72436c617373223b733a31333a2241727261794974657261746f72223b733a31393a2270726f74656374656450726f70657274696573223b613a343a7b693a303b733a373a2273746f72616765223b693a313b733a343a22666c6167223b693a323b733a31333a226974657261746f72436c617373223b693a333b733a31393a2270726f74656374656450726f70657274696573223b7d7d4c616d696e61735f417574687c4f3a32363a224c616d696e61735c5374646c69625c41727261794f626a656374223a343a7b733a373a2273746f72616765223b613a313a7b733a373a2273746f72616765223b693a313b7d733a343a22666c6167223b693a323b733a31333a226974657261746f72436c617373223b733a31333a2241727261794974657261746f72223b733a31393a2270726f74656374656450726f70657274696573223b613a343a7b693a303b733a373a2273746f72616765223b693a313b733a343a22666c6167223b693a323b733a31333a226974657261746f72436c617373223b693a333b733a31393a2270726f74656374656450726f70657274696573223b7d7d4f6d656b614d657373656e6765727c4f3a32363a224c616d696e61735c5374646c69625c41727261794f626a656374223a343a7b733a373a2273746f72616765223b613a303a7b7d733a343a22666c6167223b693a323b733a31333a226974657261746f72436c617373223b733a31333a2241727261794974657261746f72223b733a31393a2270726f74656374656450726f70657274696573223b613a343a7b693a303b733a373a2273746f72616765223b693a313b733a343a22666c6167223b693a323b733a31333a226974657261746f72436c617373223b693a333b733a31393a2270726f74656374656450726f70657274696573223b7d7d4c616d696e61735f56616c696461746f725f437372665f73616c745f637372667c4f3a32363a224c616d696e61735c5374646c69625c41727261794f626a656374223a343a7b733a373a2273746f72616765223b613a323a7b733a393a22746f6b656e4c697374223b613a323a7b733a33323a223033633931316137336437646161396135333933323231346166393566393166223b733a33323a223031613032386633383530616333653434363337363564386132356332373233223b733a33323a226162343733633661613436616538333636363534613363326534313466636564223b733a33323a223934616335323363626563333138353465376433623436383830323436333236223b7d733a343a2268617368223b733a36353a2239346163353233636265633331383534653764336234363838303234363332362d6162343733633661613436616538333636363534613363326534313466636564223b7d733a343a22666c6167223b693a323b733a31333a226974657261746f72436c617373223b733a31333a2241727261794974657261746f72223b733a31393a2270726f74656374656450726f70657274696573223b613a343a7b693a303b733a373a2273746f72616765223b693a313b733a343a22666c6167223b693a323b733a31333a226974657261746f72436c617373223b693a333b733a31393a2270726f74656374656450726f70657274696573223b7d7d, 1764612938),
('n83os3btk784s81ctd94vbefl2', 0x5f5f4c616d696e61737c613a353a7b733a32303a225f524551554553545f4143434553535f54494d45223b643a313736343633353934322e3438353838333b733a363a225f56414c4944223b613a313a7b733a32383a224c616d696e61735c53657373696f6e5c56616c696461746f725c4964223b733a32363a223635746d756b3832306f686f6a68336773347130376476387576223b7d733a34323a224c616d696e61735f56616c696461746f725f437372665f73616c745f6c6f67696e666f726d5f63737266223b613a313a7b733a363a22455850495245223b693a313736343637373136353b7d733a33323a224c616d696e61735f56616c696461746f725f437372665f73616c745f63737266223b613a313a7b733a363a22455850495245223b693a313736343637393131353b7d733a36313a224c616d696e61735f56616c696461746f725f437372665f73616c745f6d6f64756c655f54696d65576869737065725f636f6e6669677572655f63737266223b613a313a7b733a363a22455850495245223b693a313736343637393134323b7d7d72656469726563745f75726c7c733a34333a22687474703a2f2f6c6f63616c686f73742f6f6d6b5f746879705f32352d32365f636c6f6e652f61646d696e223b4c616d696e61735f56616c696461746f725f437372665f73616c745f6c6f67696e666f726d5f637372667c4f3a32363a224c616d696e61735c5374646c69625c41727261794f626a656374223a343a7b733a373a2273746f72616765223b613a323a7b733a393a22746f6b656e4c697374223b613a313a7b733a33323a226266303137396333653334303961363238346331356230376362363838366261223b733a33323a226231633766613766663433643561633563373461356632383863386234303332223b7d733a343a2268617368223b733a36353a2262316337666137666634336435616335633734613566323838633862343033322d6266303137396333653334303961363238346331356230376362363838366261223b7d733a343a22666c6167223b693a323b733a31333a226974657261746f72436c617373223b733a31333a2241727261794974657261746f72223b733a31393a2270726f74656374656450726f70657274696573223b613a343a7b693a303b733a373a2273746f72616765223b693a313b733a343a22666c6167223b693a323b733a31333a226974657261746f72436c617373223b693a333b733a31393a2270726f74656374656450726f70657274696573223b7d7d4c616d696e61735f417574687c4f3a32363a224c616d696e61735c5374646c69625c41727261794f626a656374223a343a7b733a373a2273746f72616765223b613a313a7b733a373a2273746f72616765223b693a313b7d733a343a22666c6167223b693a323b733a31333a226974657261746f72436c617373223b733a31333a2241727261794974657261746f72223b733a31393a2270726f74656374656450726f70657274696573223b613a343a7b693a303b733a373a2273746f72616765223b693a313b733a343a22666c6167223b693a323b733a31333a226974657261746f72436c617373223b693a333b733a31393a2270726f74656374656450726f70657274696573223b7d7d4f6d656b614d657373656e6765727c4f3a32363a224c616d696e61735c5374646c69625c41727261794f626a656374223a343a7b733a373a2273746f72616765223b613a303a7b7d733a343a22666c6167223b693a323b733a31333a226974657261746f72436c617373223b733a31333a2241727261794974657261746f72223b733a31393a2270726f74656374656450726f70657274696573223b613a343a7b693a303b733a373a2273746f72616765223b693a313b733a343a22666c6167223b693a323b733a31333a226974657261746f72436c617373223b693a333b733a31393a2270726f74656374656450726f70657274696573223b7d7d4c616d696e61735f56616c696461746f725f437372665f73616c745f637372667c4f3a32363a224c616d696e61735c5374646c69625c41727261794f626a656374223a343a7b733a373a2273746f72616765223b613a323a7b733a393a22746f6b656e4c697374223b613a373a7b733a33323a223535336132323666643362323230353362386537623864636433376464336563223b733a33323a223235656364613661363334333439663863336434356532396233383739616462223b733a33323a223835356133333033353639653761333066353738643131663566326666396136223b733a33323a223131363732633562323661643334363664653966646536613863313138356637223b733a33323a223766373135366564373330386661623533663163366462346437636463363833223b733a33323a226463356139653932363562646236306363663061666433616566373737636236223b733a33323a226262653533343032646261626463353930396562356138386162366638353866223b733a33323a223935663866383335383034303336623531633837666534636361656264386535223b733a33323a223436353130656234393139616237646164333433326163646361356331663435223b733a33323a223233303965353530346534633363366432323034356631356162616636643563223b733a33323a223138363061643966616230653739313337363634623238316662363330613266223b733a33323a223661656162333161363764353465633861333438643463623237333230326330223b733a33323a223662346266373135663334323337636462353537666337316638393330306161223b733a33323a226334316262306630313533663464666130633533386138633136363665393437223b7d733a343a2268617368223b733a36353a2263343162623066303135336634646661306335333861386331363636653934372d3662346266373135663334323337636462353537666337316638393330306161223b7d733a343a22666c6167223b693a323b733a31333a226974657261746f72436c617373223b733a31333a2241727261794974657261746f72223b733a31393a2270726f74656374656450726f70657274696573223b613a343a7b693a303b733a373a2273746f72616765223b693a313b733a343a22666c6167223b693a323b733a31333a226974657261746f72436c617373223b693a333b733a31393a2270726f74656374656450726f70657274696573223b7d7d4c616d696e61735f56616c696461746f725f437372665f73616c745f6d6f64756c655f54696d65576869737065725f636f6e6669677572655f637372667c4f3a32363a224c616d696e61735c5374646c69625c41727261794f626a656374223a343a7b733a373a2273746f72616765223b613a323a7b733a393a22746f6b656e4c697374223b613a353a7b733a33323a223965623863386461343231313761613435373232316234396461313335663534223b733a33323a223265326463656464613164386363643163343864313436333062313736363264223b733a33323a223061663963323737623936316138353230393863316363636138333435613039223b733a33323a223661613763386633656533643335383461393537316564393161326539333233223b733a33323a223264353536316461343935303166633830356330323239623634353439663630223b733a33323a226632333065316338616430613463373464386362653636316636396533323961223b733a33323a226132623538326230663137363233663864356430633938653330613861396365223b733a33323a223661363431666666343161363133343037356163333232363336393662666438223b733a33323a226632613065633330386164623233303563613661633638363965393763613963223b733a33323a223430316139336663333435363363356238643463323265336131623833613134223b7d733a343a2268617368223b733a36353a2234303161393366633334353633633562386434633232653361316238336131342d6632613065633330386164623233303563613661633638363965393763613963223b7d733a343a22666c6167223b693a323b733a31333a226974657261746f72436c617373223b733a31333a2241727261794974657261746f72223b733a31393a2270726f74656374656450726f70657274696573223b613a343a7b693a303b733a373a2273746f72616765223b693a313b733a343a22666c6167223b693a323b733a31333a226974657261746f72436c617373223b693a333b733a31393a2270726f74656374656450726f70657274696573223b7d7d, 1764635942);
INSERT INTO `session` (`id`, `data`, `modified`) VALUES
('ofda4fdmgvkuu4ipeat78tc20e', 0x5f5f4c616d696e61737c613a353a7b733a32303a225f524551554553545f4143434553535f54494d45223b643a313736353233323836352e3332363335373b733a363a225f56414c4944223b613a313a7b733a32383a224c616d696e61735c53657373696f6e5c56616c696461746f725c4964223b733a32363a226264666b7468376772666b336e766c67336d6a35326235637136223b7d733a34323a224c616d696e61735f56616c696461746f725f437372665f73616c745f6c6f67696e666f726d5f63737266223b613a313a7b733a363a22455850495245223b693a313736353237353830363b7d733a34343a224c616d696e61735f56616c696461746f725f437372665f73616c745f636f6e6669726d666f726d5f63737266223b613a313a7b733a363a22455850495245223b693a313736353237353834373b7d733a33323a224c616d696e61735f56616c696461746f725f437372665f73616c745f63737266223b613a313a7b733a363a22455850495245223b693a313736353233333030363b7d7d72656469726563745f75726c7c733a34333a22687474703a2f2f6c6f63616c686f73742f6f6d6b5f746879705f32352d32365f636c6f6e652f61646d696e223b4c616d696e61735f56616c696461746f725f437372665f73616c745f6c6f67696e666f726d5f637372667c4f3a32363a224c616d696e61735c5374646c69625c41727261794f626a656374223a343a7b733a373a2273746f72616765223b613a323a7b733a393a22746f6b656e4c697374223b613a313a7b733a33323a226635353861313165643639383633316534616362653364643334623664383231223b733a33323a223232626362663737373039386566623463666265353138373461383434313736223b7d733a343a2268617368223b733a36353a2232326263626637373730393865666234636662653531383734613834343137362d6635353861313165643639383633316534616362653364643334623664383231223b7d733a343a22666c6167223b693a323b733a31333a226974657261746f72436c617373223b733a31333a2241727261794974657261746f72223b733a31393a2270726f74656374656450726f70657274696573223b613a343a7b693a303b733a373a2273746f72616765223b693a313b733a343a22666c6167223b693a323b733a31333a226974657261746f72436c617373223b693a333b733a31393a2270726f74656374656450726f70657274696573223b7d7d4c616d696e61735f417574687c4f3a32363a224c616d696e61735c5374646c69625c41727261794f626a656374223a343a7b733a373a2273746f72616765223b613a313a7b733a373a2273746f72616765223b693a313b7d733a343a22666c6167223b693a323b733a31333a226974657261746f72436c617373223b733a31333a2241727261794974657261746f72223b733a31393a2270726f74656374656450726f70657274696573223b613a343a7b693a303b733a373a2273746f72616765223b693a313b733a343a22666c6167223b693a323b733a31333a226974657261746f72436c617373223b693a333b733a31393a2270726f74656374656450726f70657274696573223b7d7d4f6d656b614d657373656e6765727c4f3a32363a224c616d696e61735c5374646c69625c41727261794f626a656374223a343a7b733a373a2273746f72616765223b613a303a7b7d733a343a22666c6167223b693a323b733a31333a226974657261746f72436c617373223b733a31333a2241727261794974657261746f72223b733a31393a2270726f74656374656450726f70657274696573223b613a343a7b693a303b733a373a2273746f72616765223b693a313b733a343a22666c6167223b693a323b733a31333a226974657261746f72436c617373223b693a333b733a31393a2270726f74656374656450726f70657274696573223b7d7d4c616d696e61735f56616c696461746f725f437372665f73616c745f636f6e6669726d666f726d5f637372667c4f3a32363a224c616d696e61735c5374646c69625c41727261794f626a656374223a343a7b733a373a2273746f72616765223b613a323a7b733a393a22746f6b656e4c697374223b613a313a7b733a33323a226464613436646337323038616462396235356164373664343734373933663435223b733a33323a223262333930616531316332633161393737326137633732393539383061356466223b7d733a343a2268617368223b733a36353a2232623339306165313163326331613937373261376337323935393830613564662d6464613436646337323038616462396235356164373664343734373933663435223b7d733a343a22666c6167223b693a323b733a31333a226974657261746f72436c617373223b733a31333a2241727261794974657261746f72223b733a31393a2270726f74656374656450726f70657274696573223b613a343a7b693a303b733a373a2273746f72616765223b693a313b733a343a22666c6167223b693a323b733a31333a226974657261746f72436c617373223b693a333b733a31393a2270726f74656374656450726f70657274696573223b7d7d4c616d696e61735f56616c696461746f725f437372665f73616c745f637372667c4f3a32363a224c616d696e61735c5374646c69625c41727261794f626a656374223a343a7b733a373a2273746f72616765223b613a323a7b733a393a22746f6b656e4c697374223b613a333a7b733a33323a226336623830613737653437316238356463636634383966353531333433633634223b733a33323a223635666266343233323165323062373266336633643561363366636464613065223b733a33323a223463353164643635333762333336646365646234653434363163323136653437223b733a33323a223932316363663331346631333166663366616338323939313065366538313761223b733a33323a226462376461343935356161356330653839666663663930646262633033346531223b733a33323a226530373961646136383635353533643063346533393330343133643433346633223b7d733a343a2268617368223b733a36353a2265303739616461363836353535336430633465333933303431336434333466332d6462376461343935356161356330653839666663663930646262633033346531223b7d733a343a22666c6167223b693a323b733a31333a226974657261746f72436c617373223b733a31333a2241727261794974657261746f72223b733a31393a2270726f74656374656450726f70657274696573223b613a343a7b693a303b733a373a2273746f72616765223b693a313b733a343a22666c6167223b693a323b733a31333a226974657261746f72436c617373223b693a333b733a31393a2270726f74656374656450726f70657274696573223b7d7d, 1765232865),
('ovij0vcg5n60dqqh0njahepss2', 0x5f5f4c616d696e61737c613a363a7b733a32303a225f524551554553545f4143434553535f54494d45223b643a313736353233313430312e3131373434313b733a363a225f56414c4944223b613a313a7b733a32383a224c616d696e61735c53657373696f6e5c56616c696461746f725c4964223b733a32363a226f6b3264646c6b626464696d69726b6330716938697434316b73223b7d733a34323a224c616d696e61735f56616c696461746f725f437372665f73616c745f6c6f67696e666f726d5f63737266223b613a313a7b733a363a22455850495245223b693a313736353236343736363b7d733a33323a224c616d696e61735f56616c696461746f725f437372665f73616c745f63737266223b613a313a7b733a363a22455850495245223b693a313736353233313431323b7d733a34343a224c616d696e61735f56616c696461746f725f437372665f73616c745f636f6e6669726d666f726d5f63737266223b613a313a7b733a363a22455850495245223b693a313736353237343238363b7d733a36313a224c616d696e61735f56616c696461746f725f437372665f73616c745f6d6f64756c655f54696d65576869737065725f636f6e6669677572655f63737266223b613a313a7b733a363a22455850495245223b693a313736353237313838353b7d7d72656469726563745f75726c7c733a33313a22687474703a2f2f6c6f63616c686f73742f6f6d6b5f7a61636b2f61646d696e223b4c616d696e61735f56616c696461746f725f437372665f73616c745f6c6f67696e666f726d5f637372667c4f3a32363a224c616d696e61735c5374646c69625c41727261794f626a656374223a343a7b733a373a2273746f72616765223b613a323a7b733a393a22746f6b656e4c697374223b613a313a7b733a33323a223166663334353131376563613766333139616135623863643437646338376538223b733a33323a226236393631373332316439336538383338613665343730376464383436356262223b7d733a343a2268617368223b733a36353a2262363936313733323164393365383833386136653437303764643834363562622d3166663334353131376563613766333139616135623863643437646338376538223b7d733a343a22666c6167223b693a323b733a31333a226974657261746f72436c617373223b733a31333a2241727261794974657261746f72223b733a31393a2270726f74656374656450726f70657274696573223b613a343a7b693a303b733a373a2273746f72616765223b693a313b733a343a22666c6167223b693a323b733a31333a226974657261746f72436c617373223b693a333b733a31393a2270726f74656374656450726f70657274696573223b7d7d4c616d696e61735f417574687c4f3a32363a224c616d696e61735c5374646c69625c41727261794f626a656374223a343a7b733a373a2273746f72616765223b613a313a7b733a373a2273746f72616765223b693a313b7d733a343a22666c6167223b693a323b733a31333a226974657261746f72436c617373223b733a31333a2241727261794974657261746f72223b733a31393a2270726f74656374656450726f70657274696573223b613a343a7b693a303b733a373a2273746f72616765223b693a313b733a343a22666c6167223b693a323b733a31333a226974657261746f72436c617373223b693a333b733a31393a2270726f74656374656450726f70657274696573223b7d7d4f6d656b614d657373656e6765727c4f3a32363a224c616d696e61735c5374646c69625c41727261794f626a656374223a343a7b733a373a2273746f72616765223b613a303a7b7d733a343a22666c6167223b693a323b733a31333a226974657261746f72436c617373223b733a31333a2241727261794974657261746f72223b733a31393a2270726f74656374656450726f70657274696573223b613a343a7b693a303b733a373a2273746f72616765223b693a313b733a343a22666c6167223b693a323b733a31333a226974657261746f72436c617373223b693a333b733a31393a2270726f74656374656450726f70657274696573223b7d7d4c616d696e61735f56616c696461746f725f437372665f73616c745f637372667c4f3a32363a224c616d696e61735c5374646c69625c41727261794f626a656374223a343a7b733a373a2273746f72616765223b613a323a7b733a393a22746f6b656e4c697374223b613a373a7b733a33323a226239386266373536346665656665333239636162313936393265666361333039223b733a33323a223362376264663030343266393964333334366330336666653065383866363863223b733a33323a223461663137636166613137623964336565653034626131336133343462616336223b733a33323a226162643938316566386262626463366630343534636366326263376333366139223b733a33323a226630623064326438306234343161633833626139376530323466333039336366223b733a33323a223832633630386364363833666362343833303039613538336236666234383436223b733a33323a226633656539376663353965346336383362323061613266646263663538373236223b733a33323a223236663965623230393338373134306338616431303130623031306236376133223b733a33323a223330313062613862323962366636306135613338356666623037373734343436223b733a33323a223061303432373136663534303166323666316134396338316134666263633332223b733a33323a223764323637373164323438626332653133633435646664653235623763353034223b733a33323a226331663034336331363637616363646165326130643365613162396433333539223b733a33323a226233363065663062343331366463346334653633346231613266386134333339223b733a33323a226432366334316161386362623934643734633961643661306235306561353063223b7d733a343a2268617368223b733a36353a2264323663343161613863626239346437346339616436613062353065613530632d6233363065663062343331366463346334653633346231613266386134333339223b7d733a343a22666c6167223b693a323b733a31333a226974657261746f72436c617373223b733a31333a2241727261794974657261746f72223b733a31393a2270726f74656374656450726f70657274696573223b613a343a7b693a303b733a373a2273746f72616765223b693a313b733a343a22666c6167223b693a323b733a31333a226974657261746f72436c617373223b693a333b733a31393a2270726f74656374656450726f70657274696573223b7d7d4c616d696e61735f56616c696461746f725f437372665f73616c745f636f6e6669726d666f726d5f637372667c4f3a32363a224c616d696e61735c5374646c69625c41727261794f626a656374223a343a7b733a373a2273746f72616765223b613a323a7b733a393a22746f6b656e4c697374223b613a33333a7b733a33323a223734323063363831636265623565633339323230363336353563386462633836223b733a33323a223730333833623961346665373737346330386435353963623736326331343933223b733a33323a226334383435646130363835393663323362336332373166666665373162303736223b733a33323a223064373238626361366566366131356535303564353638353432353135626566223b733a33323a226332343935336264636339656137336263396263643165356330303965636565223b733a33323a226637323435653330396636366665643938376262346333393338656434323331223b733a33323a226363336564366638646533616166336334323966633961633934626138613938223b733a33323a226234653436313963633431396537613337336333326265396131326466646162223b733a33323a226434356563616134663132396234366238326535623832373537303637333931223b733a33323a223535346666333464633130326231353830643162306562646165333437633930223b733a33323a223239383339633139373837663032643432303832653131323139663864383532223b733a33323a223064393437303331363634366432316532313465656236633032346665343262223b733a33323a226539666463353330333365633532623938363962386439343631393765383038223b733a33323a223539373832663039343532636638376138343334386234386534303137303634223b733a33323a223832373937633239666466646163633132343230653939393434613035363461223b733a33323a226466383835303361613238653464383266633431313534386438323763616637223b733a33323a226431633433626563623439316231303230643231336339383231356130376131223b733a33323a226338613330646533653939653564616664303161633830663761653830613232223b733a33323a223161323364323237396238613564653937666236313831386139633663353731223b733a33323a226566663139396438656637613066396134383866376134323830373766623438223b733a33323a223330343434643363373839613461623665623966316632646165393163396366223b733a33323a223835643831333137613239383930303035666330626535393266663034356666223b733a33323a223234656631323831303732323138643839343230356533316264336236616635223b733a33323a223864393566666139393663636661653031353138333164656538326639346138223b733a33323a223339333631386664313665613834373936306265306165653234343466383765223b733a33323a226235616338393366383134333130343534393935313734613432363363663762223b733a33323a226461633636303664333038636332643538363362633134663565313161396562223b733a33323a223738653866306130383366393566656365303561323936633961383535376530223b733a33323a223234373433366564666336386439386138646133633334666165613639343534223b733a33323a226235313766633235643635303237373331356633353333373435376562333362223b733a33323a223231623565396566383266396333623436306632363139333632386231303133223b733a33323a223764313239383337356162326164306334386231346438663739353561393532223b733a33323a226261343764303262663466373839643761376161306366616133343464323936223b733a33323a226232373664646337386365656566333031643962643738366262356361636437223b733a33323a223630666238656633353132303035623739373233386537653035666534356461223b733a33323a223338323731353735653133653163626466303062353236393265383133306566223b733a33323a223932373937633936626166333530356236306463323165643561633036303836223b733a33323a223230663463363362663731613637383132393433636363363531613866623834223b733a33323a223864636534386132303265373935393330633930393961306666663438356261223b733a33323a223631383834393835613963343438326634346135623833666164393434373633223b733a33323a223464623038393734643937323562623939616636633937353963343536346438223b733a33323a226335396166353761366435663538636636616237623838636462333732313462223b733a33323a223736666231373635633930633636343036376633343630663863373664373732223b733a33323a223239626562613232656166366462323639623238623364376264316335653965223b733a33323a223663633931363961333765636462663366313637346432666263613163393938223b733a33323a226332343937363561653735333531336631333865373064613433653737643163223b733a33323a223764616334373366303164356232303461346630316561663535656535363939223b733a33323a226466306137303233633932313537306234333937376330663564373639323239223b733a33323a223438653237663134616435316530353730666461623131633030346166306162223b733a33323a223864356162343335326335623231643765336633376365623064353333653564223b733a33323a226531653130616461623535653534353336343238313261643566366561383930223b733a33323a226161313336373161666338616339646232316535623033646430383762613262223b733a33323a223134366436323633643139376434383737376662313039306430316364336236223b733a33323a223037663536366463313265623136316534636537333265363863623563376536223b733a33323a223237373137306433313365626366386463663264316331316266653931316461223b733a33323a226134373836623930303666656435323131343061373138326662383963333738223b733a33323a226438623465613239373639633564376462373263653932373231383038383862223b733a33323a223666366464303563663766336364393437333263393837326336366235326262223b733a33323a226466336338633439646137613437663739643665383465653631323762366234223b733a33323a226362356538623834653365323230363834663235633133656231323732653438223b733a33323a223938393234613031663437316262613839613361353232643337623336643263223b733a33323a223966386530633162666133333537633561366435386439663433663264346466223b733a33323a226231653064373864363831643661646430656539363234346564386436346235223b733a33323a226562663461393464353262633437646133333634623930336533656330346531223b733a33323a223261643633633830313963663535386531363862383261643336346263656333223b733a33323a223336363737636162313232633530306461383862343933343662663566353965223b7d733a343a2268617368223b733a36353a2233363637376361623132326335303064613838623439333436626635663539652d3261643633633830313963663535386531363862383261643336346263656333223b7d733a343a22666c6167223b693a323b733a31333a226974657261746f72436c617373223b733a31333a2241727261794974657261746f72223b733a31393a2270726f74656374656450726f70657274696573223b613a343a7b693a303b733a373a2273746f72616765223b693a313b733a343a22666c6167223b693a323b733a31333a226974657261746f72436c617373223b693a333b733a31393a2270726f74656374656450726f70657274696573223b7d7d4c616d696e61735f56616c696461746f725f437372665f73616c745f6d6f64756c655f54696d65576869737065725f636f6e6669677572655f637372667c4f3a32363a224c616d696e61735c5374646c69625c41727261794f626a656374223a343a7b733a373a2273746f72616765223b613a323a7b733a393a22746f6b656e4c697374223b613a32343a7b733a33323a223236643163666239306530613337333261363236323063616235646562323536223b733a33323a223638373034356438653735303163386162636362636132333130393261336336223b733a33323a226164393338323264623331666463386232616334656138393664353332653330223b733a33323a226334343533623931316539306639643130363338626136623065343036633763223b733a33323a223733656236616433643631313232613631363937323564356534363664376162223b733a33323a226130366436333239303064306134303964663561643239383363353230313963223b733a33323a223932383138623863313833363032343934613262316532343162373263393035223b733a33323a226137313930643432393039313364393965343730663866373064383936393133223b733a33323a223061666365323934613334323939356661366563363731326432613266353365223b733a33323a223533633364666635333133303134353939653066393339326130313537353661223b733a33323a226238356430643931353466303337663939616638633137636539346330663538223b733a33323a223463323666633135383438613230336261396266646339373335343331396363223b733a33323a223736616561653666363338343062363633313264356261393530623434626264223b733a33323a226664626438636237386637623063326661396431316365393130366535313562223b733a33323a223439636432326364303630396566636439613732643237356137663164323162223b733a33323a223962633262303738306466333734616334616333636531653433326662356132223b733a33323a223561356564626136313539393336323336306237306538326435656338313263223b733a33323a226437333737636637623966383331653539313333656135373436626664333238223b733a33323a223438393739353431323639646261666437306639343562353831376662613234223b733a33323a223031616663343731623237626534323539646664383361356664363336653061223b733a33323a223563626536303662363737316661353062653463343430343538386434323362223b733a33323a226133303830333065663635366366633234643861383166366332393539343035223b733a33323a223733303963653836386130636632323635623762653839653266323464363638223b733a33323a223730356233623266383231373732393637353232323838346633343834666663223b733a33323a226562306535333931643262356465383261373730666132346531356137666239223b733a33323a223232376636646339336666326338303837343665363935656233353933353833223b733a33323a226464336632626338383662613139363536323563343833373237363062343162223b733a33323a223730663362326466613832633039343533323264323332346635316133306633223b733a33323a223037383034633132323366623633653335393362303466663764323065393632223b733a33323a223166616636336634626161326635623734343930663237363966343661373930223b733a33323a223838653533303832316462333663336434616562353235316462306461613235223b733a33323a226135656639333066353334626334366236346633623432616237663533643762223b733a33323a223236333830326332613866646561626462313331363934326630616530633335223b733a33323a223166383164643438336236623638323332323939633161303462643263646534223b733a33323a226231656239626161313862383534636362663965633938616334386532636162223b733a33323a226439373231646161393238343132373136353266343265363262383532393361223b733a33323a223838333330643230306361323133356334373966636337656130383264666335223b733a33323a223539323736333563323635646634613665353831643465323962306136653530223b733a33323a226334393834313436643937386131313861353831393131653338343562333866223b733a33323a223235346262616666323366646638336237363962626664383061663562383063223b733a33323a223764306365353533383534373964616339373665303533376162343033633431223b733a33323a226465303230306239653138666637323033616563383461363633356634356433223b733a33323a226535323535636432663331356635383739613864393262393164363064306633223b733a33323a223065633630313838653562383061666134623162353830626131353533386338223b733a33323a223737326638346662326631646131393534643564326132386666623466663631223b733a33323a223662306335653966623731306334653432323030316430643035306566383438223b733a33323a223765376463326463303862353866613134643630363736306233336432613064223b733a33323a226230356465353331636632613664323863366361313935663965633634323863223b7d733a343a2268617368223b733a36353a2262303564653533316366326136643238633663613139356639656336343238632d3765376463326463303862353866613134643630363736306233336432613064223b7d733a343a22666c6167223b693a323b733a31333a226974657261746f72436c617373223b733a31333a2241727261794974657261746f72223b733a31393a2270726f74656374656450726f70657274696573223b613a343a7b693a303b733a373a2273746f72616765223b693a313b733a343a22666c6167223b693a323b733a31333a226974657261746f72436c617373223b693a333b733a31393a2270726f74656374656450726f70657274696573223b7d7d, 1765231401),
('v36bt56adrlmb9o44a5adorrah', 0x5f5f4c616d696e61737c613a333a7b733a32303a225f524551554553545f4143434553535f54494d45223b643a313736333436323032302e3434333434353b733a363a225f56414c4944223b613a313a7b733a32383a224c616d696e61735c53657373696f6e5c56616c696461746f725c4964223b733a32363a2234626d6c686b6a39736b6e36376b656c643739357568646f6776223b7d733a34323a224c616d696e61735f56616c696461746f725f437372665f73616c745f6c6f67696e666f726d5f63737266223b613a313a7b733a363a22455850495245223b693a313736333530333833313b7d7d4c616d696e61735f56616c696461746f725f437372665f73616c745f6c6f67696e666f726d5f637372667c4f3a32363a224c616d696e61735c5374646c69625c41727261794f626a656374223a343a7b733a373a2273746f72616765223b613a323a7b733a393a22746f6b656e4c697374223b613a313a7b733a33323a223233313864396333633534333534393063636438363065626166643466363265223b733a33323a223664373463646239656534643338633063356439383530316231316364666335223b7d733a343a2268617368223b733a36353a2236643734636462396565346433386330633564393835303162313163646663352d3233313864396333633534333534393063636438363065626166643466363265223b7d733a343a22666c6167223b693a323b733a31333a226974657261746f72436c617373223b733a31333a2241727261794974657261746f72223b733a31393a2270726f74656374656450726f70657274696573223b613a343a7b693a303b733a373a2273746f72616765223b693a313b733a343a22666c6167223b693a323b733a31333a226974657261746f72436c617373223b693a333b733a31393a2270726f74656374656450726f70657274696573223b7d7d4c616d696e61735f417574687c4f3a32363a224c616d696e61735c5374646c69625c41727261794f626a656374223a343a7b733a373a2273746f72616765223b613a313a7b733a373a2273746f72616765223b693a313b7d733a343a22666c6167223b693a323b733a31333a226974657261746f72436c617373223b733a31333a2241727261794974657261746f72223b733a31393a2270726f74656374656450726f70657274696573223b613a343a7b693a303b733a373a2273746f72616765223b693a313b733a343a22666c6167223b693a323b733a31333a226974657261746f72436c617373223b693a333b733a31393a2270726f74656374656450726f70657274696573223b7d7d4f6d656b614d657373656e6765727c4f3a32363a224c616d696e61735c5374646c69625c41727261794f626a656374223a343a7b733a373a2273746f72616765223b613a303a7b7d733a343a22666c6167223b693a323b733a31333a226974657261746f72436c617373223b733a31333a2241727261794974657261746f72223b733a31393a2270726f74656374656450726f70657274696573223b613a343a7b693a303b733a373a2273746f72616765223b693a313b733a343a22666c6167223b693a323b733a31333a226974657261746f72436c617373223b693a333b733a31393a2270726f74656374656450726f70657274696573223b7d7d72656469726563745f75726c7c4e3b, 1763462020);

-- --------------------------------------------------------

--
-- Table structure for table `setting`
--

CREATE TABLE `setting` (
  `id` varchar(190) NOT NULL,
  `value` longtext NOT NULL COMMENT '(DC2Type:json_array)'
) ENGINE=InnoDB DEFAULT CHARSET=utf8mb4 COLLATE=utf8mb4_unicode_ci;

--
-- Dumping data for table `setting`
--

INSERT INTO `setting` (`id`, `value`) VALUES
('administrator_email', '\"bmamak11@gmail.com\"'),
('extension_whitelist', '[\"aac\",\"aif\",\"aiff\",\"asf\",\"asx\",\"avi\",\"bmp\",\"c\",\"cc\",\"class\",\"css\",\"divx\",\"doc\",\"docx\",\"exe\",\"gif\",\"gz\",\"gzip\",\"h\",\"ico\",\"j2k\",\"jp2\",\"jpe\",\"jpeg\",\"jpg\",\"m4a\",\"m4v\",\"mdb\",\"mid\",\"midi\",\"mov\",\"mp2\",\"mp3\",\"mp4\",\"mpa\",\"mpe\",\"mpeg\",\"mpg\",\"mpp\",\"odb\",\"odc\",\"odf\",\"odg\",\"odp\",\"ods\",\"odt\",\"ogg\",\"opus\",\"pdf\",\"png\",\"pot\",\"pps\",\"ppt\",\"pptx\",\"qt\",\"ra\",\"ram\",\"rtf\",\"rtx\",\"swf\",\"tar\",\"tif\",\"tiff\",\"txt\",\"wav\",\"wax\",\"webm\",\"webp\",\"wma\",\"wmv\",\"wmx\",\"wri\",\"xla\",\"xls\",\"xlsx\",\"xlt\",\"xlw\",\"zip\"]'),
('installation_title', '\"TimeWhisper\"'),
('locale', '\"fr\"'),
('media_type_whitelist', '[\"application\\/msword\",\"application\\/ogg\",\"application\\/pdf\",\"application\\/rtf\",\"application\\/vnd.ms-access\",\"application\\/vnd.ms-excel\",\"application\\/vnd.ms-powerpoint\",\"application\\/vnd.ms-project\",\"application\\/vnd.ms-write\",\"application\\/vnd.oasis.opendocument.chart\",\"application\\/vnd.oasis.opendocument.database\",\"application\\/vnd.oasis.opendocument.formula\",\"application\\/vnd.oasis.opendocument.graphics\",\"application\\/vnd.oasis.opendocument.presentation\",\"application\\/vnd.oasis.opendocument.spreadsheet\",\"application\\/vnd.oasis.opendocument.text\",\"application\\/vnd.openxmlformats-officedocument.wordprocessingml.document\",\"application\\/vnd.openxmlformats-officedocument.presentationml.presentation\",\"application\\/vnd.openxmlformats-officedocument.spreadsheetml.sheet\",\"application\\/x-gzip\",\"application\\/x-ms-wmp\",\"application\\/x-msdownload\",\"application\\/x-shockwave-flash\",\"application\\/x-tar\",\"application\\/zip\",\"audio\\/midi\",\"audio\\/mp4\",\"audio\\/mpeg\",\"audio\\/ogg\",\"audio\\/x-aac\",\"audio\\/x-aiff\",\"audio\\/x-ms-wma\",\"audio\\/x-ms-wax\",\"audio\\/x-realaudio\",\"audio\\/x-wav\",\"image\\/bmp\",\"image\\/gif\",\"image\\/jp2\",\"image\\/jpeg\",\"image\\/pjpeg\",\"image\\/png\",\"image\\/tiff\",\"image\\/webp\",\"image\\/x-icon\",\"text\\/css\",\"text\\/plain\",\"text\\/richtext\",\"video\\/divx\",\"video\\/mp4\",\"video\\/mpeg\",\"video\\/ogg\",\"video\\/quicktime\",\"video\\/webm\",\"video\\/x-ms-asf,\",\"video\\/x-msvideo\",\"video\\/x-ms-wmv\"]'),
('pagination_per_page', '25'),
('time_zone', '\"Europe\\/Paris\"'),
('timewhisper_api_key', '\"\"'),
('timewhisper_audio_formats', '[\"mp3\",\"wav\",\"ogg\",\"webm\"]'),
('timewhisper_audio_storage', '\"\\/files\\/timewhisper\\/audio\\/\"'),
('timewhisper_confidence_threshold', '0.7'),
('timewhisper_default_language', '\"fr\"'),
('timewhisper_enable_cache', 'true'),
('timewhisper_enable_images', 'true'),
('timewhisper_enable_timeline', 'true'),
('timewhisper_llm_api_key', '\"\"'),
('timewhisper_max_file_size', '10'),
('timewhisper_max_results', '10'),
('timewhisper_query_model', '\"whisper-small\"'),
('timewhisper_response_llm_api_url', '\"https:\\/\\/api.your-llm-service.com\\/generate\"'),
('timewhisper_search_sparql', '\"https:\\/\\/query.wikidata.org\\/sparql\"'),
('timewhisper_text_to_speech', 'true'),
('timewhisper_tts_api_key', '\"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\"'),
('timewhisper_tts_voice', '\"alloy\"'),
('timewhisper_voice_recognition', 'true'),
('timewhisper_whisper_api_key', '\"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\"'),
('use_htmlpurifier', '\"1\"'),
('version', '\"4.1.1\"'),
('version_notifications', '\"1\"');

-- --------------------------------------------------------

--
-- Table structure for table `site`
--

CREATE TABLE `site` (
  `id` int(11) NOT NULL,
  `thumbnail_id` int(11) DEFAULT NULL,
  `homepage_id` int(11) DEFAULT NULL,
  `owner_id` int(11) DEFAULT NULL,
  `slug` varchar(190) NOT NULL,
  `theme` varchar(190) NOT NULL,
  `title` varchar(190) NOT NULL,
  `summary` longtext DEFAULT NULL,
  `navigation` longtext NOT NULL COMMENT '(DC2Type:json_array)',
  `item_pool` longtext NOT NULL COMMENT '(DC2Type:json_array)',
  `created` datetime NOT NULL,
  `modified` datetime DEFAULT NULL,
  `is_public` tinyint(1) NOT NULL,
  `assign_new_items` tinyint(1) NOT NULL DEFAULT 0
) ENGINE=InnoDB DEFAULT CHARSET=utf8mb4 COLLATE=utf8mb4_unicode_ci;

-- --------------------------------------------------------

--
-- Table structure for table `site_block_attachment`
--

CREATE TABLE `site_block_attachment` (
  `id` int(11) NOT NULL,
  `block_id` int(11) NOT NULL,
  `item_id` int(11) DEFAULT NULL,
  `media_id` int(11) DEFAULT NULL,
  `caption` longtext NOT NULL,
  `position` int(11) NOT NULL
) ENGINE=InnoDB DEFAULT CHARSET=utf8mb4 COLLATE=utf8mb4_unicode_ci;

-- --------------------------------------------------------

--
-- Table structure for table `site_item_set`
--

CREATE TABLE `site_item_set` (
  `id` int(11) NOT NULL,
  `site_id` int(11) NOT NULL,
  `item_set_id` int(11) NOT NULL,
  `position` int(11) DEFAULT NULL
) ENGINE=InnoDB DEFAULT CHARSET=utf8mb4 COLLATE=utf8mb4_unicode_ci;

-- --------------------------------------------------------

--
-- Table structure for table `site_page`
--

CREATE TABLE `site_page` (
  `id` int(11) NOT NULL,
  `site_id` int(11) NOT NULL,
  `slug` varchar(190) NOT NULL,
  `title` varchar(190) NOT NULL,
  `is_public` tinyint(1) NOT NULL,
  `layout` varchar(255) DEFAULT NULL,
  `layout_data` longtext DEFAULT NULL COMMENT '(DC2Type:json)',
  `created` datetime NOT NULL,
  `modified` datetime DEFAULT NULL
) ENGINE=InnoDB DEFAULT CHARSET=utf8mb4 COLLATE=utf8mb4_unicode_ci;

-- --------------------------------------------------------

--
-- Table structure for table `site_page_block`
--

CREATE TABLE `site_page_block` (
  `id` int(11) NOT NULL,
  `page_id` int(11) NOT NULL,
  `layout` varchar(80) NOT NULL,
  `data` longtext NOT NULL COMMENT '(DC2Type:json_array)',
  `layout_data` longtext DEFAULT NULL COMMENT '(DC2Type:json)',
  `position` int(11) NOT NULL
) ENGINE=InnoDB DEFAULT CHARSET=utf8mb4 COLLATE=utf8mb4_unicode_ci;

-- --------------------------------------------------------

--
-- Table structure for table `site_permission`
--

CREATE TABLE `site_permission` (
  `id` int(11) NOT NULL,
  `site_id` int(11) NOT NULL,
  `user_id` int(11) NOT NULL,
  `role` varchar(80) NOT NULL
) ENGINE=InnoDB DEFAULT CHARSET=utf8mb4 COLLATE=utf8mb4_unicode_ci;

-- --------------------------------------------------------

--
-- Table structure for table `site_setting`
--

CREATE TABLE `site_setting` (
  `id` varchar(190) NOT NULL,
  `site_id` int(11) NOT NULL,
  `value` longtext NOT NULL COMMENT '(DC2Type:json_array)'
) ENGINE=InnoDB DEFAULT CHARSET=utf8mb4 COLLATE=utf8mb4_unicode_ci;

-- --------------------------------------------------------

--
-- Table structure for table `timewhisper_response`
--

CREATE TABLE `timewhisper_response` (
  `id` int(11) NOT NULL,
  `query_id` int(11) NOT NULL,
  `summary_text` longtext NOT NULL,
  `audio_response_path` varchar(255) DEFAULT NULL,
  `confidence_score` double DEFAULT NULL,
  `generated_at` datetime NOT NULL
) ENGINE=InnoDB DEFAULT CHARSET=utf8mb4 COLLATE=utf8mb4_unicode_ci;

--
-- Dumping data for table `timewhisper_response`
--

INSERT INTO `timewhisper_response` (`id`, `query_id`, `summary_text`, `audio_response_path`, `confidence_score`, `generated_at`) VALUES
(1, 1, 'Aucun événement historique trouvé pour cette requête.', NULL, 0.8, '2025-12-08 22:25:10'),
(2, 2, 'Aucun événement historique trouvé pour cette requête.', NULL, 0.8, '2025-12-08 22:32:14'),
(3, 3, 'Aucun événement historique trouvé pour cette requête.', NULL, 0.8, '2025-12-08 22:41:09'),
(4, 4, 'Aucun événement historique trouvé pour cette requête.', NULL, 0.8, '2025-12-08 22:42:10'),
(5, 5, 'Aucun événement historique trouvé pour cette requête.', NULL, 0.8, '2025-12-08 22:44:27'),
(6, 6, 'Voici ce que j\'ai trouvé concernant votre question :\n\n• Premier pas sur la Lune (1969-07-20) - Lieu : Mer de la Tranquillité, Lune\n  Neil Armstrong devient le premier homme à marcher sur la Lune lors de la mission Apollo 11.\n\n', NULL, 0.8, '2025-12-08 22:47:11');

-- --------------------------------------------------------

--
-- Table structure for table `timewhisper_timeline`
--

CREATE TABLE `timewhisper_timeline` (
  `id` int(11) NOT NULL,
  `title` varchar(255) NOT NULL,
  `description` longtext DEFAULT NULL,
  `query_id` int(11) DEFAULT NULL,
  `created_at` datetime NOT NULL
) ENGINE=InnoDB DEFAULT CHARSET=utf8mb4 COLLATE=utf8mb4_unicode_ci;

-- --------------------------------------------------------

--
-- Table structure for table `timewhisper_timeline_events`
--

CREATE TABLE `timewhisper_timeline_events` (
  `timeline_id` int(11) NOT NULL,
  `item_id` int(11) NOT NULL
) ENGINE=InnoDB DEFAULT CHARSET=utf8mb4 COLLATE=utf8mb4_unicode_ci;

-- --------------------------------------------------------

--
-- Table structure for table `timewhisper_user_query`
--

CREATE TABLE `timewhisper_user_query` (
  `id` int(11) NOT NULL,
  `item_id` int(11) DEFAULT NULL,
  `query_text` longtext NOT NULL,
  `audio_file_path` varchar(255) DEFAULT NULL,
  `transcript_text` longtext DEFAULT NULL,
  `created_at` datetime NOT NULL
) ENGINE=InnoDB DEFAULT CHARSET=utf8mb4 COLLATE=utf8mb4_unicode_ci;

--
-- Dumping data for table `timewhisper_user_query`
--

INSERT INTO `timewhisper_user_query` (`id`, `item_id`, `query_text`, `audio_file_path`, `transcript_text`, `created_at`) VALUES
(1, NULL, 'Parle-moi du premier pas sur la Lune', NULL, NULL, '2025-12-08 22:25:10'),
(2, NULL, 'parle moi de la 2 eme guerre mondial', NULL, NULL, '2025-12-08 22:32:14'),
(3, NULL, 'Parle-moi du premier pas sur la Lune', NULL, NULL, '2025-12-08 22:41:09'),
(4, NULL, 'Parle-moi du premier pas sur la Lune', NULL, NULL, '2025-12-08 22:42:10'),
(5, NULL, 'Parle-moi du premier pas sur la Lune', NULL, NULL, '2025-12-08 22:44:27'),
(6, NULL, 'Parle-moi du premier pas sur la Lune', NULL, NULL, '2025-12-08 22:47:11');

-- --------------------------------------------------------

--
-- Table structure for table `user`
--

CREATE TABLE `user` (
  `id` int(11) NOT NULL,
  `email` varchar(190) NOT NULL,
  `name` varchar(190) NOT NULL,
  `created` datetime NOT NULL,
  `modified` datetime DEFAULT NULL,
  `password_hash` varchar(60) DEFAULT NULL,
  `role` varchar(190) NOT NULL,
  `is_active` tinyint(1) NOT NULL
) ENGINE=InnoDB DEFAULT CHARSET=utf8mb4 COLLATE=utf8mb4_unicode_ci;

--
-- Dumping data for table `user`
--

INSERT INTO `user` (`id`, `email`, `name`, `created`, `modified`, `password_hash`, `role`, `is_active`) VALUES
(1, 'bmamak11@gmail.com', 'Suriyama', '2025-10-20 19:14:47', '2025-10-20 19:14:47', '$2y$10$zEDoOJ4ZJ3uJ6e1j40zYv.RORWVT8HboyWrGqf.uBBysQVJon.kTi', 'global_admin', 1),
(2, 'samuel.szoniecky@univ-paris8.fr', 'Samuel', '2025-10-21 08:05:40', '2025-12-09 08:48:36', '$2y$10$NriXCdjyw8vmSbuGjGWN2.Zmyu22VcnP7Zg/thxEV.Orb3lfTgfkS', 'global_admin', 1);

-- --------------------------------------------------------

--
-- Table structure for table `user_setting`
--

CREATE TABLE `user_setting` (
  `id` varchar(190) NOT NULL,
  `user_id` int(11) NOT NULL,
  `value` longtext NOT NULL COMMENT '(DC2Type:json_array)'
) ENGINE=InnoDB DEFAULT CHARSET=utf8mb4 COLLATE=utf8mb4_unicode_ci;

--
-- Dumping data for table `user_setting`
--

INSERT INTO `user_setting` (`id`, `user_id`, `value`) VALUES
('browse_defaults_admin_item_sets', 1, '{\"sort_by\":\"created\",\"sort_order\":\"desc\"}'),
('browse_defaults_admin_item_sets', 2, '{\"sort_by\":\"created\",\"sort_order\":\"desc\"}'),
('browse_defaults_admin_items', 1, '{\"sort_by\":\"created\",\"sort_order\":\"desc\"}'),
('browse_defaults_admin_items', 2, '{\"sort_by\":\"created\",\"sort_order\":\"desc\"}'),
('browse_defaults_admin_media', 1, '{\"sort_by\":\"created\",\"sort_order\":\"desc\"}'),
('browse_defaults_admin_media', 2, '{\"sort_by\":\"created\",\"sort_order\":\"desc\"}'),
('browse_defaults_admin_sites', 1, '{\"sort_by\":\"title\",\"sort_order\":\"asc\"}'),
('browse_defaults_admin_sites', 2, '{\"sort_by\":\"title\",\"sort_order\":\"asc\"}'),
('columns_admin_item_sets', 1, '[{\"type\":\"resource_class\",\"default\":null,\"header\":null},{\"type\":\"owner\",\"default\":null,\"header\":null},{\"type\":\"created\",\"default\":null,\"header\":null}]'),
('columns_admin_item_sets', 2, '[{\"type\":\"resource_class\",\"default\":null,\"header\":null},{\"type\":\"owner\",\"default\":null,\"header\":null},{\"type\":\"created\",\"default\":null,\"header\":null}]'),
('columns_admin_items', 1, '[{\"type\":\"resource_class\",\"default\":null,\"header\":null},{\"type\":\"owner\",\"default\":null,\"header\":null},{\"type\":\"created\",\"default\":null,\"header\":null}]'),
('columns_admin_items', 2, '[{\"type\":\"resource_class\",\"default\":null,\"header\":null},{\"type\":\"owner\",\"default\":null,\"header\":null},{\"type\":\"created\",\"default\":null,\"header\":null}]'),
('columns_admin_media', 1, '[{\"type\":\"resource_class\",\"default\":null,\"header\":null},{\"type\":\"owner\",\"default\":null,\"header\":null},{\"type\":\"created\",\"default\":null,\"header\":null}]'),
('columns_admin_media', 2, '[{\"type\":\"resource_class\",\"default\":null,\"header\":null},{\"type\":\"owner\",\"default\":null,\"header\":null},{\"type\":\"created\",\"default\":null,\"header\":null}]'),
('columns_admin_sites', 1, '[{\"type\":\"slug\",\"default\":null,\"header\":null},{\"type\":\"owner\",\"default\":null,\"header\":null},{\"type\":\"created\",\"default\":null,\"header\":null}]'),
('columns_admin_sites', 2, '[{\"type\":\"slug\",\"default\":null,\"header\":null},{\"type\":\"owner\",\"default\":null,\"header\":null},{\"type\":\"created\",\"default\":null,\"header\":null}]'),
('default_resource_template', 1, '\"\"'),
('default_resource_template', 2, '\"\"'),
('locale', 1, '\"fr\"'),
('locale', 2, '\"fr\"');

-- --------------------------------------------------------

--
-- Table structure for table `value`
--

CREATE TABLE `value` (
  `id` int(11) NOT NULL,
  `resource_id` int(11) NOT NULL,
  `property_id` int(11) NOT NULL,
  `value_resource_id` int(11) DEFAULT NULL,
  `value_annotation_id` int(11) DEFAULT NULL,
  `type` varchar(255) NOT NULL,
  `lang` varchar(255) DEFAULT NULL,
  `value` longtext DEFAULT NULL,
  `uri` longtext DEFAULT NULL,
  `is_public` tinyint(1) NOT NULL
) ENGINE=InnoDB DEFAULT CHARSET=utf8mb4 COLLATE=utf8mb4_unicode_ci;

--
-- Dumping data for table `value`
--

INSERT INTO `value` (`id`, `resource_id`, `property_id`, `value_resource_id`, `value_annotation_id`, `type`, `lang`, `value`, `uri`, `is_public`) VALUES
(11, 6, 1, NULL, NULL, 'literal', '', 'Exposition Universelle de 1889', NULL, 1),
(12, 6, 4, NULL, NULL, 'literal', '', 'L\'Exposition Universelle de 1889 s\'est tenue à Paris du 6 mai au 31 octobre 1889. \n  Elle célébrait le centenaire de la Révolution française. C\'est lors de cette \n  exposition que la Tour Eiffel a été construite comme entrée monumentale.', NULL, 1),
(13, 6, 200, NULL, NULL, 'literal', '', '1889-05-06', NULL, 1),
(14, 6, 201, NULL, NULL, 'literal', '', 'Paris', NULL, 1),
(15, 7, 1, NULL, NULL, 'literal', '', 'La Prise de la Bastille', NULL, 1),
(16, 7, 4, NULL, NULL, 'literal', '', ' Le 14 juillet 1789, les Parisiens prennent d\'assaut la forteresse de la Bastille, symbole de l\'absolutisme royal. Cet événement marque le début de la Révolution française et devient par la suite la fête nationale française.', NULL, 1),
(17, 7, 200, NULL, NULL, 'literal', '', '1789-07-14', NULL, 1),
(18, 7, 201, NULL, NULL, 'literal', '', 'Paris, France', NULL, 1),
(19, 8, 1, NULL, NULL, 'literal', '', 'Premier pas sur la Lune', NULL, 1),
(20, 8, 4, NULL, NULL, 'literal', '', 'Neil Armstrong devient le premier homme à marcher sur la Lune lors de la mission Apollo 11. Il prononce sa célèbre phrase : \"C\'est un petit pas pour l\'homme, un bond de géant pour l\'humanité.\"', NULL, 1),
(21, 8, 200, NULL, NULL, 'literal', '', '1969-07-20', NULL, 1),
(22, 8, 201, NULL, NULL, 'literal', '', 'Mer de la Tranquillité, Lune', NULL, 1),
(23, 8, 202, NULL, NULL, 'literal', '', 'Neil Armstrong, Buzz Aldrin, Michael Collins', NULL, 1),
(24, 8, 203, NULL, NULL, 'literal', '', 'Mission Apollo 11 - NASA', NULL, 1),
(25, 8, 3, NULL, NULL, 'literal', '', 'Conquête spatiale, Exploration lunaire, Guerre froide spatiale', NULL, 1),
(26, 7, 202, NULL, NULL, 'literal', '', 'Bernard-René de Launay (gouverneur de la Bastille), Camille Desmoulins', NULL, 1),
(27, 7, 203, NULL, NULL, 'literal', '', 'Archives de la Révolution française', NULL, 1),
(28, 7, 3, NULL, NULL, 'literal', '', 'Révolution française, Histoire de France, Droits de l\'homme', NULL, 1),
(29, 9, 1, NULL, NULL, 'literal', '', 'Bataille de Waterloo', NULL, 1),
(30, 9, 4, NULL, NULL, 'literal', '', 'Défaite finale de Napoléon Bonaparte face aux armées coalisées britanniques, prussiennes et hollandaises. Cette bataille met fin à l\'Empire napoléonien et aux Cent-Jours.', NULL, 1),
(31, 9, 200, NULL, NULL, 'literal', '', '1815-06-18', NULL, 1),
(32, 9, 201, NULL, NULL, 'literal', '', 'Waterloo, Belgique', NULL, 1),
(33, 9, 202, NULL, NULL, 'literal', '', 'Napoléon Bonaparte, Duc de Wellington, Gebhard Leberecht von Blücher', NULL, 1),
(34, 9, 203, NULL, NULL, 'literal', '', 'Rapports militaires de la bataille', NULL, 1),
(35, 9, 3, NULL, NULL, 'literal', '', 'Guerres napoléoniennes, Histoire militaire, XIXe siècle', NULL, 1),
(36, 10, 1, NULL, NULL, 'literal', '', 'Début de la Première Guerre mondiale', NULL, 1),
(37, 10, 4, NULL, NULL, 'literal', '', 'Suite à l\'assassinat de l\'archiduc François-Ferdinand d\'Autriche à Sarajevo, l\'Europe plonge dans un conflit majeur qui durera quatre ans et fera des millions de victimes.', NULL, 1),
(38, 10, 200, NULL, NULL, 'literal', '', '1914-07-28', NULL, 1),
(39, 10, 201, NULL, NULL, 'literal', '', 'Europe', NULL, 1),
(40, 10, 202, NULL, NULL, 'literal', '', 'François-Ferdinand d\'Autriche, Gavrilo Princip, Guillaume II', NULL, 1),
(41, 10, 203, NULL, NULL, 'literal', '', 'Déclarations de guerre, Archives militaires', NULL, 1),
(42, 10, 3, NULL, NULL, 'literal', '', 'Grande Guerre, Conflit mondial, Histoire du XXe siècle', NULL, 1),
(43, 11, 1, NULL, NULL, 'literal', '', 'Chute du mur de Berlin', NULL, 1),
(44, 11, 4, NULL, NULL, 'literal', '', 'Le 9 novembre 1989, le mur qui divisait Berlin depuis 28 ans tombe, marquant la fin de la Guerre froide et la réunification de l\'Allemagne. Des milliers de Berlinois franchissent la frontière dans une liesse générale.', NULL, 1),
(45, 11, 200, NULL, NULL, 'literal', '', '1989-11-09', NULL, 1),
(46, 11, 201, NULL, NULL, 'literal', '', 'Berlin, Allemagne', NULL, 1),
(47, 11, 202, NULL, NULL, 'literal', '', 'Helmut Kohl, Mikhaïl Gorbatchev, Ronald Reagan', NULL, 1),
(48, 11, 203, NULL, NULL, 'literal', '', 'Discours historiques, Archives audiovisuelles', NULL, 1),
(49, 11, 3, NULL, NULL, 'literal', '', 'Guerre froide, Réunification allemande, Histoire contemporaine', NULL, 1);

-- --------------------------------------------------------

--
-- Table structure for table `value_annotation`
--

CREATE TABLE `value_annotation` (
  `id` int(11) NOT NULL
) ENGINE=InnoDB DEFAULT CHARSET=utf8mb4 COLLATE=utf8mb4_unicode_ci;

-- --------------------------------------------------------

--
-- Table structure for table `vocabulary`
--

CREATE TABLE `vocabulary` (
  `id` int(11) NOT NULL,
  `owner_id` int(11) DEFAULT NULL,
  `namespace_uri` varchar(190) NOT NULL,
  `prefix` varchar(190) NOT NULL,
  `label` varchar(255) NOT NULL,
  `comment` longtext DEFAULT NULL
) ENGINE=InnoDB DEFAULT CHARSET=utf8mb4 COLLATE=utf8mb4_unicode_ci;

--
-- Dumping data for table `vocabulary`
--

INSERT INTO `vocabulary` (`id`, `owner_id`, `namespace_uri`, `prefix`, `label`, `comment`) VALUES
(1, NULL, 'http://purl.org/dc/terms/', 'dcterms', 'Dublin Core', 'Basic resource metadata (DCMI Metadata Terms)'),
(2, NULL, 'http://purl.org/dc/dcmitype/', 'dctype', 'Dublin Core Type', 'Basic resource types (DCMI Type Vocabulary)'),
(3, NULL, 'http://purl.org/ontology/bibo/', 'bibo', 'Bibliographic Ontology', 'Bibliographic metadata (BIBO)'),
(4, NULL, 'http://xmlns.com/foaf/0.1/', 'foaf', 'Friend of a Friend', 'Relationships between people and organizations (FOAF)'),
(6, 1, 'https://raw.githubusercontent.com/Zackbellaj/TimeWhisper/main/assets/vocab#', 'tw', 'TimeWhisper', ''),
(7, 1, 'http://example.org/ns/university#', 'univ', 'UniversityEvaluation', '');

--
-- Indexes for dumped tables
--

--
-- Indexes for table `api_key`
--
ALTER TABLE `api_key`
  ADD PRIMARY KEY (`id`),
  ADD KEY `IDX_C912ED9D7E3C61F9` (`owner_id`);

--
-- Indexes for table `asset`
--
ALTER TABLE `asset`
  ADD PRIMARY KEY (`id`),
  ADD UNIQUE KEY `UNIQ_2AF5A5C5CC5DB90` (`storage_id`),
  ADD KEY `IDX_2AF5A5C7E3C61F9` (`owner_id`);

--
-- Indexes for table `fulltext_search`
--
ALTER TABLE `fulltext_search`
  ADD PRIMARY KEY (`id`,`resource`),
  ADD KEY `IDX_AA31FE4A7E3C61F9` (`owner_id`);
ALTER TABLE `fulltext_search` ADD FULLTEXT KEY `IDX_AA31FE4A2B36786B3B8BA7C7` (`title`,`text`);

--
-- Indexes for table `item`
--
ALTER TABLE `item`
  ADD PRIMARY KEY (`id`),
  ADD KEY `IDX_1F1B251ECBE0B084` (`primary_media_id`);

--
-- Indexes for table `item_item_set`
--
ALTER TABLE `item_item_set`
  ADD PRIMARY KEY (`item_id`,`item_set_id`),
  ADD KEY `IDX_6D0C9625126F525E` (`item_id`),
  ADD KEY `IDX_6D0C9625960278D7` (`item_set_id`);

--
-- Indexes for table `item_set`
--
ALTER TABLE `item_set`
  ADD PRIMARY KEY (`id`);

--
-- Indexes for table `item_site`
--
ALTER TABLE `item_site`
  ADD PRIMARY KEY (`item_id`,`site_id`),
  ADD KEY `IDX_A1734D1F126F525E` (`item_id`),
  ADD KEY `IDX_A1734D1FF6BD1646` (`site_id`);

--
-- Indexes for table `job`
--
ALTER TABLE `job`
  ADD PRIMARY KEY (`id`),
  ADD KEY `IDX_FBD8E0F87E3C61F9` (`owner_id`);

--
-- Indexes for table `media`
--
ALTER TABLE `media`
  ADD PRIMARY KEY (`id`),
  ADD UNIQUE KEY `UNIQ_6A2CA10C5CC5DB90` (`storage_id`),
  ADD KEY `IDX_6A2CA10C126F525E` (`item_id`),
  ADD KEY `item_position` (`item_id`,`position`);

--
-- Indexes for table `migration`
--
ALTER TABLE `migration`
  ADD PRIMARY KEY (`version`);

--
-- Indexes for table `module`
--
ALTER TABLE `module`
  ADD PRIMARY KEY (`id`);

--
-- Indexes for table `password_creation`
--
ALTER TABLE `password_creation`
  ADD PRIMARY KEY (`id`),
  ADD UNIQUE KEY `UNIQ_C77917B4A76ED395` (`user_id`);

--
-- Indexes for table `property`
--
ALTER TABLE `property`
  ADD PRIMARY KEY (`id`),
  ADD UNIQUE KEY `UNIQ_8BF21CDEAD0E05F6623C14D5` (`vocabulary_id`,`local_name`),
  ADD KEY `IDX_8BF21CDE7E3C61F9` (`owner_id`),
  ADD KEY `IDX_8BF21CDEAD0E05F6` (`vocabulary_id`);

--
-- Indexes for table `resource`
--
ALTER TABLE `resource`
  ADD PRIMARY KEY (`id`),
  ADD KEY `IDX_BC91F4167E3C61F9` (`owner_id`),
  ADD KEY `IDX_BC91F416448CC1BD` (`resource_class_id`),
  ADD KEY `IDX_BC91F41616131EA` (`resource_template_id`),
  ADD KEY `IDX_BC91F416FDFF2E92` (`thumbnail_id`),
  ADD KEY `title` (`title`(190)),
  ADD KEY `is_public` (`is_public`);

--
-- Indexes for table `resource_class`
--
ALTER TABLE `resource_class`
  ADD PRIMARY KEY (`id`),
  ADD UNIQUE KEY `UNIQ_C6F063ADAD0E05F6623C14D5` (`vocabulary_id`,`local_name`),
  ADD KEY `IDX_C6F063AD7E3C61F9` (`owner_id`),
  ADD KEY `IDX_C6F063ADAD0E05F6` (`vocabulary_id`);

--
-- Indexes for table `resource_template`
--
ALTER TABLE `resource_template`
  ADD PRIMARY KEY (`id`),
  ADD UNIQUE KEY `UNIQ_39ECD52EEA750E8` (`label`),
  ADD KEY `IDX_39ECD52E7E3C61F9` (`owner_id`),
  ADD KEY `IDX_39ECD52E448CC1BD` (`resource_class_id`),
  ADD KEY `IDX_39ECD52E724734A3` (`title_property_id`),
  ADD KEY `IDX_39ECD52EB84E0D1D` (`description_property_id`);

--
-- Indexes for table `resource_template_property`
--
ALTER TABLE `resource_template_property`
  ADD PRIMARY KEY (`id`),
  ADD UNIQUE KEY `UNIQ_4689E2F116131EA549213EC` (`resource_template_id`,`property_id`),
  ADD KEY `IDX_4689E2F116131EA` (`resource_template_id`),
  ADD KEY `IDX_4689E2F1549213EC` (`property_id`);

--
-- Indexes for table `session`
--
ALTER TABLE `session`
  ADD PRIMARY KEY (`id`);

--
-- Indexes for table `setting`
--
ALTER TABLE `setting`
  ADD PRIMARY KEY (`id`);

--
-- Indexes for table `site`
--
ALTER TABLE `site`
  ADD PRIMARY KEY (`id`),
  ADD UNIQUE KEY `UNIQ_694309E4989D9B62` (`slug`),
  ADD UNIQUE KEY `UNIQ_694309E4571EDDA` (`homepage_id`),
  ADD KEY `IDX_694309E4FDFF2E92` (`thumbnail_id`),
  ADD KEY `IDX_694309E47E3C61F9` (`owner_id`);

--
-- Indexes for table `site_block_attachment`
--
ALTER TABLE `site_block_attachment`
  ADD PRIMARY KEY (`id`),
  ADD KEY `IDX_236473FEE9ED820C` (`block_id`),
  ADD KEY `IDX_236473FE126F525E` (`item_id`),
  ADD KEY `IDX_236473FEEA9FDD75` (`media_id`),
  ADD KEY `block_position` (`block_id`,`position`);

--
-- Indexes for table `site_item_set`
--
ALTER TABLE `site_item_set`
  ADD PRIMARY KEY (`id`),
  ADD UNIQUE KEY `UNIQ_D4CE134F6BD1646960278D7` (`site_id`,`item_set_id`),
  ADD KEY `IDX_D4CE134F6BD1646` (`site_id`),
  ADD KEY `IDX_D4CE134960278D7` (`item_set_id`),
  ADD KEY `position` (`position`);

--
-- Indexes for table `site_page`
--
ALTER TABLE `site_page`
  ADD PRIMARY KEY (`id`),
  ADD UNIQUE KEY `UNIQ_2F900BD9F6BD1646989D9B62` (`site_id`,`slug`),
  ADD KEY `is_public` (`is_public`),
  ADD KEY `IDX_2F900BD9F6BD1646` (`site_id`);

--
-- Indexes for table `site_page_block`
--
ALTER TABLE `site_page_block`
  ADD PRIMARY KEY (`id`),
  ADD KEY `IDX_C593E731C4663E4` (`page_id`),
  ADD KEY `page_position` (`page_id`,`position`);

--
-- Indexes for table `site_permission`
--
ALTER TABLE `site_permission`
  ADD PRIMARY KEY (`id`),
  ADD UNIQUE KEY `UNIQ_C0401D6FF6BD1646A76ED395` (`site_id`,`user_id`),
  ADD KEY `IDX_C0401D6FF6BD1646` (`site_id`),
  ADD KEY `IDX_C0401D6FA76ED395` (`user_id`);

--
-- Indexes for table `site_setting`
--
ALTER TABLE `site_setting`
  ADD PRIMARY KEY (`id`,`site_id`),
  ADD KEY `IDX_64D05A53F6BD1646` (`site_id`);

--
-- Indexes for table `timewhisper_response`
--
ALTER TABLE `timewhisper_response`
  ADD PRIMARY KEY (`id`),
  ADD KEY `IDX_RESPONSE_QUERY` (`query_id`);

--
-- Indexes for table `timewhisper_timeline`
--
ALTER TABLE `timewhisper_timeline`
  ADD PRIMARY KEY (`id`),
  ADD KEY `IDX_TIMELINE_QUERY` (`query_id`);

--
-- Indexes for table `timewhisper_timeline_events`
--
ALTER TABLE `timewhisper_timeline_events`
  ADD PRIMARY KEY (`timeline_id`,`item_id`),
  ADD KEY `IDX_TIMELINE_EVENTS_TIMELINE` (`timeline_id`),
  ADD KEY `IDX_TIMELINE_EVENTS_ITEM` (`item_id`);

--
-- Indexes for table `timewhisper_user_query`
--
ALTER TABLE `timewhisper_user_query`
  ADD PRIMARY KEY (`id`),
  ADD KEY `IDX_USER_QUERY_ITEM` (`item_id`);

--
-- Indexes for table `user`
--
ALTER TABLE `user`
  ADD PRIMARY KEY (`id`),
  ADD UNIQUE KEY `UNIQ_8D93D649E7927C74` (`email`);

--
-- Indexes for table `user_setting`
--
ALTER TABLE `user_setting`
  ADD PRIMARY KEY (`id`,`user_id`),
  ADD KEY `IDX_C779A692A76ED395` (`user_id`);

--
-- Indexes for table `value`
--
ALTER TABLE `value`
  ADD PRIMARY KEY (`id`),
  ADD UNIQUE KEY `UNIQ_1D7758349B66727E` (`value_annotation_id`),
  ADD KEY `IDX_1D77583489329D25` (`resource_id`),
  ADD KEY `IDX_1D775834549213EC` (`property_id`),
  ADD KEY `IDX_1D7758344BC72506` (`value_resource_id`),
  ADD KEY `value` (`value`(190)),
  ADD KEY `uri` (`uri`(190)),
  ADD KEY `is_public` (`is_public`);

--
-- Indexes for table `value_annotation`
--
ALTER TABLE `value_annotation`
  ADD PRIMARY KEY (`id`);

--
-- Indexes for table `vocabulary`
--
ALTER TABLE `vocabulary`
  ADD PRIMARY KEY (`id`),
  ADD UNIQUE KEY `UNIQ_9099C97B9B267FDF` (`namespace_uri`),
  ADD UNIQUE KEY `UNIQ_9099C97B93B1868E` (`prefix`),
  ADD KEY `IDX_9099C97B7E3C61F9` (`owner_id`);

--
-- AUTO_INCREMENT for dumped tables
--

--
-- AUTO_INCREMENT for table `asset`
--
ALTER TABLE `asset`
  MODIFY `id` int(11) NOT NULL AUTO_INCREMENT;

--
-- AUTO_INCREMENT for table `job`
--
ALTER TABLE `job`
  MODIFY `id` int(11) NOT NULL AUTO_INCREMENT;

--
-- AUTO_INCREMENT for table `property`
--
ALTER TABLE `property`
  MODIFY `id` int(11) NOT NULL AUTO_INCREMENT, AUTO_INCREMENT=225;

--
-- AUTO_INCREMENT for table `resource`
--
ALTER TABLE `resource`
  MODIFY `id` int(11) NOT NULL AUTO_INCREMENT, AUTO_INCREMENT=12;

--
-- AUTO_INCREMENT for table `resource_class`
--
ALTER TABLE `resource_class`
  MODIFY `id` int(11) NOT NULL AUTO_INCREMENT, AUTO_INCREMENT=128;

--
-- AUTO_INCREMENT for table `resource_template`
--
ALTER TABLE `resource_template`
  MODIFY `id` int(11) NOT NULL AUTO_INCREMENT, AUTO_INCREMENT=20;

--
-- AUTO_INCREMENT for table `resource_template_property`
--
ALTER TABLE `resource_template_property`
  MODIFY `id` int(11) NOT NULL AUTO_INCREMENT, AUTO_INCREMENT=94;

--
-- AUTO_INCREMENT for table `site`
--
ALTER TABLE `site`
  MODIFY `id` int(11) NOT NULL AUTO_INCREMENT, AUTO_INCREMENT=2;

--
-- AUTO_INCREMENT for table `site_block_attachment`
--
ALTER TABLE `site_block_attachment`
  MODIFY `id` int(11) NOT NULL AUTO_INCREMENT;

--
-- AUTO_INCREMENT for table `site_item_set`
--
ALTER TABLE `site_item_set`
  MODIFY `id` int(11) NOT NULL AUTO_INCREMENT;

--
-- AUTO_INCREMENT for table `site_page`
--
ALTER TABLE `site_page`
  MODIFY `id` int(11) NOT NULL AUTO_INCREMENT, AUTO_INCREMENT=2;

--
-- AUTO_INCREMENT for table `site_page_block`
--
ALTER TABLE `site_page_block`
  MODIFY `id` int(11) NOT NULL AUTO_INCREMENT, AUTO_INCREMENT=4;

--
-- AUTO_INCREMENT for table `site_permission`
--
ALTER TABLE `site_permission`
  MODIFY `id` int(11) NOT NULL AUTO_INCREMENT, AUTO_INCREMENT=2;

--
-- AUTO_INCREMENT for table `timewhisper_response`
--
ALTER TABLE `timewhisper_response`
  MODIFY `id` int(11) NOT NULL AUTO_INCREMENT, AUTO_INCREMENT=7;

--
-- AUTO_INCREMENT for table `timewhisper_timeline`
--
ALTER TABLE `timewhisper_timeline`
  MODIFY `id` int(11) NOT NULL AUTO_INCREMENT;

--
-- AUTO_INCREMENT for table `timewhisper_user_query`
--
ALTER TABLE `timewhisper_user_query`
  MODIFY `id` int(11) NOT NULL AUTO_INCREMENT, AUTO_INCREMENT=7;

--
-- AUTO_INCREMENT for table `user`
--
ALTER TABLE `user`
  MODIFY `id` int(11) NOT NULL AUTO_INCREMENT, AUTO_INCREMENT=3;

--
-- AUTO_INCREMENT for table `value`
--
ALTER TABLE `value`
  MODIFY `id` int(11) NOT NULL AUTO_INCREMENT, AUTO_INCREMENT=50;

--
-- AUTO_INCREMENT for table `vocabulary`
--
ALTER TABLE `vocabulary`
  MODIFY `id` int(11) NOT NULL AUTO_INCREMENT, AUTO_INCREMENT=8;

--
-- Constraints for dumped tables
--

--
-- Constraints for table `api_key`
--
ALTER TABLE `api_key`
  ADD CONSTRAINT `FK_C912ED9D7E3C61F9` FOREIGN KEY (`owner_id`) REFERENCES `user` (`id`);

--
-- Constraints for table `asset`
--
ALTER TABLE `asset`
  ADD CONSTRAINT `FK_2AF5A5C7E3C61F9` FOREIGN KEY (`owner_id`) REFERENCES `user` (`id`) ON DELETE SET NULL;

--
-- Constraints for table `fulltext_search`
--
ALTER TABLE `fulltext_search`
  ADD CONSTRAINT `FK_AA31FE4A7E3C61F9` FOREIGN KEY (`owner_id`) REFERENCES `user` (`id`) ON DELETE SET NULL;

--
-- Constraints for table `item`
--
ALTER TABLE `item`
  ADD CONSTRAINT `FK_1F1B251EBF396750` FOREIGN KEY (`id`) REFERENCES `resource` (`id`) ON DELETE CASCADE,
  ADD CONSTRAINT `FK_1F1B251ECBE0B084` FOREIGN KEY (`primary_media_id`) REFERENCES `media` (`id`) ON DELETE SET NULL;

--
-- Constraints for table `item_item_set`
--
ALTER TABLE `item_item_set`
  ADD CONSTRAINT `FK_6D0C9625126F525E` FOREIGN KEY (`item_id`) REFERENCES `item` (`id`) ON DELETE CASCADE,
  ADD CONSTRAINT `FK_6D0C9625960278D7` FOREIGN KEY (`item_set_id`) REFERENCES `item_set` (`id`) ON DELETE CASCADE;

--
-- Constraints for table `item_set`
--
ALTER TABLE `item_set`
  ADD CONSTRAINT `FK_1015EEEBF396750` FOREIGN KEY (`id`) REFERENCES `resource` (`id`) ON DELETE CASCADE;

--
-- Constraints for table `item_site`
--
ALTER TABLE `item_site`
  ADD CONSTRAINT `FK_A1734D1F126F525E` FOREIGN KEY (`item_id`) REFERENCES `item` (`id`) ON DELETE CASCADE,
  ADD CONSTRAINT `FK_A1734D1FF6BD1646` FOREIGN KEY (`site_id`) REFERENCES `site` (`id`) ON DELETE CASCADE;

--
-- Constraints for table `job`
--
ALTER TABLE `job`
  ADD CONSTRAINT `FK_FBD8E0F87E3C61F9` FOREIGN KEY (`owner_id`) REFERENCES `user` (`id`) ON DELETE SET NULL;

--
-- Constraints for table `media`
--
ALTER TABLE `media`
  ADD CONSTRAINT `FK_6A2CA10C126F525E` FOREIGN KEY (`item_id`) REFERENCES `item` (`id`),
  ADD CONSTRAINT `FK_6A2CA10CBF396750` FOREIGN KEY (`id`) REFERENCES `resource` (`id`) ON DELETE CASCADE;

--
-- Constraints for table `password_creation`
--
ALTER TABLE `password_creation`
  ADD CONSTRAINT `FK_C77917B4A76ED395` FOREIGN KEY (`user_id`) REFERENCES `user` (`id`) ON DELETE CASCADE;

--
-- Constraints for table `property`
--
ALTER TABLE `property`
  ADD CONSTRAINT `FK_8BF21CDE7E3C61F9` FOREIGN KEY (`owner_id`) REFERENCES `user` (`id`) ON DELETE SET NULL,
  ADD CONSTRAINT `FK_8BF21CDEAD0E05F6` FOREIGN KEY (`vocabulary_id`) REFERENCES `vocabulary` (`id`);

--
-- Constraints for table `resource`
--
ALTER TABLE `resource`
  ADD CONSTRAINT `FK_BC91F41616131EA` FOREIGN KEY (`resource_template_id`) REFERENCES `resource_template` (`id`) ON DELETE SET NULL,
  ADD CONSTRAINT `FK_BC91F416448CC1BD` FOREIGN KEY (`resource_class_id`) REFERENCES `resource_class` (`id`) ON DELETE SET NULL,
  ADD CONSTRAINT `FK_BC91F4167E3C61F9` FOREIGN KEY (`owner_id`) REFERENCES `user` (`id`) ON DELETE SET NULL,
  ADD CONSTRAINT `FK_BC91F416FDFF2E92` FOREIGN KEY (`thumbnail_id`) REFERENCES `asset` (`id`) ON DELETE SET NULL;

--
-- Constraints for table `resource_class`
--
ALTER TABLE `resource_class`
  ADD CONSTRAINT `FK_C6F063AD7E3C61F9` FOREIGN KEY (`owner_id`) REFERENCES `user` (`id`) ON DELETE SET NULL,
  ADD CONSTRAINT `FK_C6F063ADAD0E05F6` FOREIGN KEY (`vocabulary_id`) REFERENCES `vocabulary` (`id`);

--
-- Constraints for table `resource_template`
--
ALTER TABLE `resource_template`
  ADD CONSTRAINT `FK_39ECD52E448CC1BD` FOREIGN KEY (`resource_class_id`) REFERENCES `resource_class` (`id`) ON DELETE SET NULL,
  ADD CONSTRAINT `FK_39ECD52E724734A3` FOREIGN KEY (`title_property_id`) REFERENCES `property` (`id`) ON DELETE SET NULL,
  ADD CONSTRAINT `FK_39ECD52E7E3C61F9` FOREIGN KEY (`owner_id`) REFERENCES `user` (`id`) ON DELETE SET NULL,
  ADD CONSTRAINT `FK_39ECD52EB84E0D1D` FOREIGN KEY (`description_property_id`) REFERENCES `property` (`id`) ON DELETE SET NULL;

--
-- Constraints for table `resource_template_property`
--
ALTER TABLE `resource_template_property`
  ADD CONSTRAINT `FK_4689E2F116131EA` FOREIGN KEY (`resource_template_id`) REFERENCES `resource_template` (`id`),
  ADD CONSTRAINT `FK_4689E2F1549213EC` FOREIGN KEY (`property_id`) REFERENCES `property` (`id`) ON DELETE CASCADE;

--
-- Constraints for table `site`
--
ALTER TABLE `site`
  ADD CONSTRAINT `FK_694309E4571EDDA` FOREIGN KEY (`homepage_id`) REFERENCES `site_page` (`id`) ON DELETE SET NULL,
  ADD CONSTRAINT `FK_694309E47E3C61F9` FOREIGN KEY (`owner_id`) REFERENCES `user` (`id`) ON DELETE SET NULL,
  ADD CONSTRAINT `FK_694309E4FDFF2E92` FOREIGN KEY (`thumbnail_id`) REFERENCES `asset` (`id`) ON DELETE SET NULL;

--
-- Constraints for table `site_block_attachment`
--
ALTER TABLE `site_block_attachment`
  ADD CONSTRAINT `FK_236473FE126F525E` FOREIGN KEY (`item_id`) REFERENCES `item` (`id`) ON DELETE SET NULL,
  ADD CONSTRAINT `FK_236473FEE9ED820C` FOREIGN KEY (`block_id`) REFERENCES `site_page_block` (`id`),
  ADD CONSTRAINT `FK_236473FEEA9FDD75` FOREIGN KEY (`media_id`) REFERENCES `media` (`id`) ON DELETE SET NULL;

--
-- Constraints for table `site_item_set`
--
ALTER TABLE `site_item_set`
  ADD CONSTRAINT `FK_D4CE134960278D7` FOREIGN KEY (`item_set_id`) REFERENCES `item_set` (`id`) ON DELETE CASCADE,
  ADD CONSTRAINT `FK_D4CE134F6BD1646` FOREIGN KEY (`site_id`) REFERENCES `site` (`id`) ON DELETE CASCADE;

--
-- Constraints for table `site_page`
--
ALTER TABLE `site_page`
  ADD CONSTRAINT `FK_2F900BD9F6BD1646` FOREIGN KEY (`site_id`) REFERENCES `site` (`id`);

--
-- Constraints for table `site_page_block`
--
ALTER TABLE `site_page_block`
  ADD CONSTRAINT `FK_C593E731C4663E4` FOREIGN KEY (`page_id`) REFERENCES `site_page` (`id`);

--
-- Constraints for table `site_permission`
--
ALTER TABLE `site_permission`
  ADD CONSTRAINT `FK_C0401D6FA76ED395` FOREIGN KEY (`user_id`) REFERENCES `user` (`id`) ON DELETE CASCADE,
  ADD CONSTRAINT `FK_C0401D6FF6BD1646` FOREIGN KEY (`site_id`) REFERENCES `site` (`id`) ON DELETE CASCADE;

--
-- Constraints for table `site_setting`
--
ALTER TABLE `site_setting`
  ADD CONSTRAINT `FK_64D05A53F6BD1646` FOREIGN KEY (`site_id`) REFERENCES `site` (`id`) ON DELETE CASCADE;

--
-- Constraints for table `timewhisper_response`
--
ALTER TABLE `timewhisper_response`
  ADD CONSTRAINT `timewhisper_response_ibfk_1` FOREIGN KEY (`query_id`) REFERENCES `timewhisper_user_query` (`id`) ON DELETE CASCADE;

--
-- Constraints for table `user_setting`
--
ALTER TABLE `user_setting`
  ADD CONSTRAINT `FK_C779A692A76ED395` FOREIGN KEY (`user_id`) REFERENCES `user` (`id`) ON DELETE CASCADE;

--
-- Constraints for table `value`
--
ALTER TABLE `value`
  ADD CONSTRAINT `FK_1D7758344BC72506` FOREIGN KEY (`value_resource_id`) REFERENCES `resource` (`id`) ON DELETE CASCADE,
  ADD CONSTRAINT `FK_1D775834549213EC` FOREIGN KEY (`property_id`) REFERENCES `property` (`id`) ON DELETE CASCADE,
  ADD CONSTRAINT `FK_1D77583489329D25` FOREIGN KEY (`resource_id`) REFERENCES `resource` (`id`),
  ADD CONSTRAINT `FK_1D7758349B66727E` FOREIGN KEY (`value_annotation_id`) REFERENCES `value_annotation` (`id`) ON DELETE SET NULL;

--
-- Constraints for table `value_annotation`
--
ALTER TABLE `value_annotation`
  ADD CONSTRAINT `FK_C03BA4EBF396750` FOREIGN KEY (`id`) REFERENCES `resource` (`id`) ON DELETE CASCADE;

--
-- Constraints for table `vocabulary`
--
ALTER TABLE `vocabulary`
  ADD CONSTRAINT `FK_9099C97B7E3C61F9` FOREIGN KEY (`owner_id`) REFERENCES `user` (`id`) ON DELETE SET NULL;
COMMIT;

/*!40101 SET CHARACTER_SET_CLIENT=@OLD_CHARACTER_SET_CLIENT */;
/*!40101 SET CHARACTER_SET_RESULTS=@OLD_CHARACTER_SET_RESULTS */;
/*!40101 SET COLLATION_CONNECTION=@OLD_COLLATION_CONNECTION */;
